id,domain,status,purchase_price,renewal_price,attractiveness,demand,length,registrar,created_at,expires_at,status_verified_at
ab335a0b-bb3e-40b0-8636-84a996aecab3,grapevine.zone,available,8.98,51.98,high,high,9,namecheap,,,27/09/2026 06:57
7e302f39-cea6-4f32-9c46-d842435a191c,packing.zone,available,12,38.99,high,low,7,unstoppable,,,29/09/2026 00:21
f9c1ce1e-63db-40a2-a4e4-c097b2b71d1c,estimatable.zone,available,,,high,low,11,,,,
a48e2fc2-62cb-4628-9fcf-f262500b2cc4,roles.zone,available,30.2,30.2,medium,low,5,cloudflare,,,28/09/2026 21:41
36130e1a-0881-4a5b-8194-4eeac4d56dc1,badge.zone,resell,,,high,low,5,"Sav.com, LLC - 24",27/09/2025 15:15,27/09/2027 15:15,01/10/2026 06:52
7e357848-5e51-4076-9970-e413b36644e1,apartheid.zone,available,12.99,38.99,high,low,9,namesilo,,,19/09/2026 16:15
42c98571-8fac-4b9c-a33c-d2fa5bb0e4c7,selflessly.zone,available,8.98,51.98,high,low,10,namecheap,,,13/09/2026 19:23
7decb640-0af8-410f-af3a-51b385d3b7ba,slap.zone,available,8.98,51.98,high,low,4,namecheap,,,13/09/2026 23:26
1ddcbe9c-3193-408d-afa4-9972940e5e90,misguided.zone,available,8.98,51.98,high,low,9,namecheap,,,21/08/2026 18:57
ddf6b3a0-425b-4d2a-b66a-a109646baa31,sacked.zone,available,12.99,38.99,high,low,6,namesilo,,,24/09/2026 06:49
7809c694-ab19-484b-a328-f36d3c4c7435,flexings.zone,available,,,medium,low,8,,,,
7d723472-d772-46bf-a699-8dc75e02ba50,avocation.zone,available,12.99,38.99,high,low,9,namesilo,,,21/09/2026 09:37
d2985644-b435-4329-b4b4-7b15bc42a91b,arr.zone,available,,,high,high,3,,,,
172f72a4-76e6-4448-84b1-d2ba14ec0c40,empirical.zone,available,8.98,51.98,high,low,9,namecheap,,,16/08/2026 18:21
ab5b7433-5b28-449a-a4b8-f3deed87e82c,gunrunner.zone,available,12.99,38.99,medium,low,9,namesilo,,,20/09/2026 07:45
78b70ffc-6607-41cf-8dd6-b93e5632ec94,origination.zone,available,,,high,high,11,,,,
303968bb-53f4-49c4-8b62-0c965b48e691,federals.zone,available,,,medium,low,8,,,,
71a2832b-70b4-4d36-8686-d1ebdb9e856e,resistible.zone,available,8.98,51.98,high,low,10,namecheap,,,09/09/2026 15:20
1dc5034f-b562-4457-82b9-d841a23df5f8,allegations.zone,available,12.99,38.99,medium,low,11,namesilo,,,29/09/2026 11:36
30f0ba26-f5e7-45a7-9c8a-ae99c5e4812a,punchproof.zone,available,,,high,high,10,,,,
268d7ece-2300-404c-b740-1f843db93c3a,embodied.zone,available,8.98,51.98,high,low,8,namecheap,,,16/08/2026 09:35
3f5630d0-6d71-413d-a706-b67fd31917a9,swamphen.zone,available,,,high,high,8,,,,
7e09f5df-75c7-4b89-b844-b485a4864425,comptche.zone,available,,,high,high,8,,,,
820a9bea-99e0-4717-8933-b5840155867f,umpires.zone,available,,,high,low,7,,,,
b7ce27b6-d50f-4fa8-9216-3ecf808b5b5a,wednesdays.zone,available,,,high,high,10,,,,
6887466c-12bf-417f-b77d-4d4763b50656,cradler.zone,available,,,high,high,7,,,,
12d9530a-454b-4821-8464-374e03247d08,parsleys.zone,available,,,high,low,8,,,,
0186e1bd-3181-4ea4-8a46-607a959e4eb5,aliform.zone,available,8.98,51.98,high,low,7,namecheap,,,
0602b35b-bfc3-4a90-942f-1bfb088e3266,whipper.zone,available,,,high,high,7,,,,
b0dab4a0-b23d-4c55-b3c5-302b6e1bd28f,rehabber.zone,available,,,high,high,8,,,,
15f9f7b4-48fa-491d-9fe9-52ea549ed22c,socioeconomic.zone,available,8.98,51.98,high,high,14,namecheap,,,16/09/2026 12:07
57553ed9-d607-4cd4-bfba-52bc2b82e948,mastermind.zone,available,30.2,30.2,high,low,10,cloudflare,,,01/10/2026 18:48
ed904af2-70de-4c54-ba40-c96056b3f32e,interstitial.zone,available,,,high,high,12,,,,
843e4b57-8aa8-4cae-91d0-51b5a3555d50,frilly.zone,available,8.98,51.98,high,low,6,namecheap,,,18/08/2026 15:51
9962b2a0-d19f-4af6-8e95-6aab9a59a5b4,polytonality.zone,available,,,high,low,12,,,,
fdd39efa-262a-49a3-9776-d6ceceba943d,lakeshore.zone,available,,,high,high,9,,,,
0a7f350e-f33c-404f-a0c5-cba6086de09e,statedly.zone,available,,,high,high,8,,,,
a042827c-b56f-409b-9fe4-a43bbdb5fb7a,seizing.zone,available,7.96,31.25,high,low,7,spaceship,,,30/09/2026 18:24
44f017d0-6b14-4806-8b68-5d3bd69542bd,motorcyclers.zone,available,,,medium,low,12,,,,
0d5dc4e8-9ea2-40be-8569-8581d366c9bd,placidness.zone,available,,,high,high,10,,,,
46ec1220-da83-4238-bf93-e2a67f01ee8f,unbarred.zone,available,8.98,51.98,high,low,8,namecheap,,,12/09/2026 01:34
2898cbd6-8dd6-43fb-822b-1bb63c9d06a1,turbulent.zone,available,8.98,51.98,high,low,9,namecheap,,,14/08/2026 12:26
29798234-9a14-4ce1-8048-0d92dcfc4770,sugary.zone,available,12.99,38.99,high,low,6,namesilo,,,19/09/2026 16:54
a3e9bd56-02f1-4d05-9387-f8f1a1d2b6f5,inspired.zone,resell,14.99,,high,low,8,"Sav.com, LLC",21/06/2026 18:54,21/06/2027 18:54,26/09/2026 06:53
05735f8d-43aa-49f3-85b2-1f27063d872b,asking.zone,available,8.98,51.98,high,low,6,namecheap,,,28/09/2026 22:40
35b42c60-506d-43fc-8b1c-59b84a8b2842,urbanise.zone,available,,,high,high,8,,,,
f29dcb7b-a601-4fc2-9fd9-1cc34d9395a1,appeared.zone,available,12.99,38.99,medium,low,8,namesilo,,,27/09/2026 10:53
8f218412-71fc-466a-876d-32b3fd3e7f23,obsessive.zone,available,8.98,51.98,high,low,9,namecheap,,,25/09/2026 23:45
488629c3-0afb-4da4-8324-4edb669963bd,jaunting.zone,available,,,high,high,8,,,,
a5b38a10-3641-4063-b8da-2c29766129b4,lightheadedness.zone,available,,,high,high,15,,,,
06834c99-9543-49f9-a585-36bbac608a7f,skyborne.zone,available,,,high,high,8,,,,
11d8b531-c092-4581-b92a-455c00c5a9c8,subtenant.zone,available,,,high,high,9,,,,
86b993ce-3c1d-4820-94c5-c550efe53d46,enborne.zone,available,,,high,high,7,,,,
d401031e-4977-4e5f-b33c-7068a71b318b,provably.zone,available,8.98,51.98,high,low,8,namecheap,,,14/09/2026 11:29
a19241fa-2ed3-424c-bb7a-a3e2c15e3fa0,acini.zone,available,,,medium,low,5,,,,
41580fa2-073c-4d48-b852-2c6ed01d11a5,passersby.zone,available,,,medium,low,10,,,,
94f3c12a-39b4-4aed-bae7-fe929fe26135,coolhouse.zone,available,,,high,high,9,,,,
2aefd964-d51d-4c87-bead-4adc2e10660f,refrigeration.zone,available,,,high,medium,13,,,,
2af276e2-aff1-423c-a9db-2dc4ba4517c5,heir.zone,available,7.96,31.25,high,low,4,spaceship,,,28/09/2026 14:24
13277e2c-330c-4b6b-9964-5e5d004bb24e,staying.zone,available,12.99,38.99,high,low,7,namesilo,,,25/09/2026 12:05
375d64f7-cada-42de-9db8-ec906d4604b3,louise.zone,available,12.99,38.99,high,low,6,namesilo,,,25/09/2026 13:47
50cb1557-c8c6-49ad-834c-5f1d83a75dc1,ito.zone,premium,102.67,102.67,medium,low,3,spaceship,,,28/09/2026 08:05
f98adaba-ed54-42ab-98f9-eb4e9c61797d,crystal.zone,resell,,,high,low,7,Alibaba Cloud Computing Ltd. d/b/a HiChina (www.net.cn),31/12/2021 13:15,31/12/2026 13:15,29/09/2026 12:25
74fc87e0-69e4-481e-bb0f-4e5dada6ffb2,colette.zone,available,12.99,38.99,high,low,7,namesilo,,,30/09/2026 09:13
e5fb6c04-6925-4309-9ad0-5e07106295be,byod.zone,available,12.99,38.99,high,medium,4,namesilo,,,24/09/2026 08:31
79d72834-0528-43a0-b833-b8a372de0861,tritone.zone,available,,,high,medium,8,,,,
607aff76-3b57-467f-a3b4-9d6e7038bad9,galea.zone,available,,,high,high,5,,,,
00fb3056-aa86-4d21-a4e4-8fd904e8dbdf,snowden.zone,available,30.2,30.2,high,low,7,cloudflare,,,29/09/2026 11:15
71e98382-89f7-4658-a111-6998932bc815,dolmens.zone,available,,,high,low,7,,,,
34f8186d-34e3-41c3-8539-5155bde1a371,augmentin.zone,available,12.99,38.99,high,low,9,namesilo,,,18/09/2026 22:59
31411cd3-0d39-433d-89da-f0e0befdb815,novelists.zone,available,,,high,low,9,,,,
4d0e2ba3-ca8b-4f0e-892b-00e59984aaf0,glassware.zone,available,,,high,high,9,,,,
a45099ec-eeaf-4a76-a894-a58232bd6a15,mechanism.zone,available,8.98,51.98,high,low,9,namecheap,,,24/09/2026 14:15
046a152f-5e9b-4234-836e-d05352e0e1d5,ing.zone,available,12,38.99,high,low,3,unstoppable,,,02/10/2026 01:10
870550cf-fb6e-487b-8b16-6526c567682a,peas.zone,available,12.99,38.99,high,low,4,namesilo,,,18/09/2026 10:13
a697cefa-7c67-4cf1-bea8-421e2c5d17ed,sacrifices.zone,available,8.24,31.41,low,low,10,porkbun,,,28/09/2026 17:47
7775aa7a-6386-4893-9cf1-4ee78a475c3c,brush.zone,available,12,,high,low,5,unstoppable,,,29/09/2026 04:48
72e1afd8-b677-4a04-9eb1-526eeb8aedfb,jekyll.zone,available,8.98,51.98,high,low,6,namecheap,,,02/10/2026 01:06
36df408f-e705-44ef-8c47-cb050057c092,noe.zone,available,7.96,31.25,high,low,3,spaceship,,,01/10/2026 09:31
4c66e851-17e7-49f2-af9a-5fe788c1c2c0,transpire.zone,available,,,high,high,9,,,,
24f59d13-1da6-4c68-947e-93a89c858197,lexicographer.zone,available,,,high,high,13,,,,
fb5473ef-f652-4167-b2f9-16313a37c025,peevish.zone,available,8.98,51.98,high,low,7,namecheap,,,22/08/2026 10:21
3b32ff52-3ea9-4077-8b92-7aae600661b8,midspinal.zone,available,,,medium,low,9,,,,
c998f71b-5f96-4f4f-8cad-2b31a1b9de67,lovetap.zone,available,,,high,high,8,,,,
66ca0921-8089-405b-b723-90cd985765c1,feigned.zone,available,8.98,51.98,high,low,7,namecheap,,,18/08/2026 00:43
02002074-43d9-4edd-b5f4-6e28148a8d85,perspire.zone,available,,,high,high,8,,,,
63018cc3-0365-4a94-9e33-ebfc4e80f6e1,approving.zone,available,8.98,51.98,high,low,9,namecheap,,,06/08/2026 08:49
4be4a6f8-de4a-48f6-b360-ca1e70b6678a,seperation.zone,available,12.99,38.99,medium,low,10,namesilo,,,18/09/2026 17:16
b93de920-0877-4964-b7fc-038ff56dd757,yoghurt.zone,available,,,high,high,7,,,,
1ea47c6c-22cd-449b-9282-53de843a87ae,swathe.zone,available,8.98,51.98,high,high,6,namecheap,,,30/09/2026 02:17
eca87d81-a006-4450-92a6-094d2430defd,parenteral.zone,available,8.98,51.98,medium,low,10,namecheap,,,08/09/2026 01:19
22f6645b-7e2c-4b37-8b41-b54bd6abacc8,stirrers.zone,available,,,medium,low,8,,,,
3ce4dd83-e1f4-4d16-8234-1abd5a712e97,clippy.zone,available,,,high,high,6,,,,
30fe0d7e-c7f7-47de-8328-cbd321c76f2a,aubri.zone,available,,,high,high,5,,,,
4e8b022b-d176-4164-b5f4-9c1cecb66dd2,disgrace.zone,available,12.99,38.99,high,low,8,namesilo,,,29/09/2026 15:44
7685f986-163b-4a30-b66b-05c61b12f9dc,broadwise.zone,available,8.98,51.98,high,low,9,namecheap,,,14/09/2026 01:26
8d05a9f4-534e-455a-b868-eb68384e5c61,envelope.zone,available,8.98,51.98,high,low,8,namecheap,,,25/09/2026 22:36
19adbe43-69d9-47eb-ad73-b82827f7cf40,alarum.zone,available,8.98,51.98,high,low,6,namecheap,,,18/09/2026 02:00
13e85926-4dba-40dd-aed8-1f33aceda303,bridal.zone,available,8.98,51.98,high,low,6,namecheap,,,11/08/2026 03:53
1d3db16a-d454-43aa-9fff-c980958fcc4d,godowns.zone,available,,,medium,low,7,,,,
428689d6-6745-4b19-b76b-6a0ab4766dbb,silkscreen.zone,available,,,high,high,10,,,,
4682fddf-1e71-4af2-832b-7f4e5bf977db,platonic.zone,available,8.98,51.98,high,low,8,namecheap,,,08/09/2026 20:53
7c6179d3-9131-45bf-89eb-c407fed1f5fe,veins.zone,available,12,,medium,low,5,unstoppable,,,28/09/2026 08:48
955b5bf3-98f3-4b1a-9689-6ef59c2ef4e0,vocalization.zone,available,,,high,high,12,,,,
e75b0139-e30e-4a15-9b51-da0145fd4e20,disjointed.zone,available,8.98,51.98,high,low,10,namecheap,,,14/08/2026 11:16
c3b94435-bf54-435e-87db-52330266c710,kisiiland.zone,available,,,high,high,9,,,,
b505f896-a201-4c65-8e70-e02bb271f46b,cunning.zone,available,12.99,38.99,high,low,7,namesilo,,,24/09/2026 01:26
5bbedffb-5bca-466d-a558-091d6f390c7a,emeryville.zone,available,,,high,high,10,,,,
f02afe6f-7fef-4471-968c-9997820c6e46,facility.zone,available,7.96,31.25,high,low,8,spaceship,,,28/09/2026 18:28
f97ec02f-2383-4088-9a71-69787827bcb3,rayless.zone,available,8.98,51.98,medium,low,7,namecheap,,,09/09/2026 10:46
fe485ade-fbc2-417f-8454-155c10cd50c5,externally.zone,available,8.98,51.98,high,low,10,namecheap,,,14/09/2026 17:11
9805eb56-a05b-45a1-bb95-fdb136033763,monied.zone,available,8.98,51.98,high,low,6,namecheap,,,25/08/2026 04:39
2411c112-713c-47f5-a4dc-2a49175f770d,banister.zone,available,12.99,38.99,high,low,8,namesilo,,,22/09/2026 00:28
0127a988-e573-46b4-85ff-39565e30fb45,augury.zone,available,12.99,38.99,high,low,6,namesilo,,,21/09/2026 03:41
6b4ae4e3-ef2a-45d4-acd0-bd38093b8498,goodies.zone,available,,,high,medium,7,,,,
2178bef6-93d3-4361-8489-177f33ae3ab3,boomed.zone,available,,,high,low,6,,,,
adc134f0-9506-448e-8d0a-95949f1e44cd,embarrass.zone,available,30.2,30.2,high,low,9,cloudflare,,,29/09/2026 11:42
3e3cc235-af55-4e74-967b-9eb3c7dedc19,maker.zone,resell,,,high,medium,5,"Chengdu West Dimension Digital Technology Co., Ltd.",25/09/2023 15:15,25/09/2027 15:15,01/10/2026 23:55
6b1502d9-5eef-4631-8afa-5504d96e78d2,ascertainable.zone,available,,,high,high,13,,,,
967c956e-a9b6-4b82-8634-76fc4428dc1e,refunded.zone,available,,,high,low,8,,,,
f1f16f73-e943-4ff6-abfb-189a7e5d5bbb,mellifluous.zone,available,,,high,high,11,,,,
9130530a-724f-4f32-82c2-23ef61fc42d7,courier.zone,available,8.24,32.21,high,low,7,dynadot,,,28/09/2026 18:49
7dd737b4-d670-4fc5-a3ce-18855b7b7072,reparative.zone,available,,,high,high,10,,,,
48920100-8be4-47b1-b959-80dc2cffb0a2,nesting.zone,available,7.96,31.25,high,low,7,spaceship,,,01/10/2026 07:46
2a70c1d7-2f43-4b3e-b716-3dc5a13d6fdf,dollie.zone,available,,,high,high,6,,,,
63ef1604-b8dc-42dc-bc6d-143fda7e6d33,stripes.zone,available,8.98,51.98,high,low,7,namecheap,,,24/09/2026 14:23
e6b119a5-85f0-4703-adc1-a8d76cb7cafd,committee.zone,available,12.99,38.99,high,low,9,namesilo,,,29/09/2026 09:31
d3925ad4-985d-4c70-9042-064569867a44,toi.zone,available,,,high,high,3,,,,
13ef5674-dd9e-4b4e-af0f-f588467ac2a3,spoonerism.zone,available,,,high,high,10,,,,
2c12c66c-62f8-4e6a-9fd0-0ffe027c51e3,noctane.zone,available,,,high,low,8,,,,
1e90e34f-9919-4188-8578-9c7989a4031e,stockpile.zone,available,8.98,51.98,high,low,9,namecheap,,,10/09/2026 20:52
c100700e-d4af-4100-83d8-b9134be11f8e,undersuit.zone,available,,,high,high,9,,,,
6c4931cc-263c-458a-9b4b-b72947167245,benzoin.zone,available,8.98,51.98,high,low,7,namecheap,,,20/09/2026 12:33
e45b489f-5ddf-4b77-beaa-9e44e3466079,grenville.zone,available,7.96,31.25,medium,low,9,spaceship,,,29/09/2026 04:31
be8d3785-298e-4550-b270-e51f6f3067f2,surgically.zone,available,8.98,51.98,high,low,10,namecheap,,,16/09/2026 07:41
a92f3e55-070e-41a3-ae83-4cc4de752781,decreased.zone,available,8.98,51.98,high,low,9,namecheap,,,13/08/2026 22:08
a044a7c4-e58c-4441-8e02-3bd0fafdaf85,bailment.zone,available,8.98,51.98,high,low,8,namecheap,,,21/09/2026 19:09
7a851947-9d33-49b5-9c5e-7727e5775bb7,terminate.zone,available,7.96,31.25,medium,low,9,spaceship,,,28/09/2026 14:01
973ab544-1137-480c-ad3f-968a442ee87f,nailpolish.zone,available,,,high,high,11,,,,
f376f578-ecf0-4c2a-ad5b-b21ba71f0f77,garish.zone,available,8.98,51.98,high,low,6,namecheap,,,18/08/2026 06:35
763a66db-1e16-46a2-8a47-c7c91d6433fd,finally.zone,available,12.99,38.99,high,low,7,namesilo,,,28/09/2026 12:41
3e8477a7-164d-491e-8ce2-18b6e87cdc06,stationery.zone,available,51.98,,high,high,10,namecheap,,,
a2238a70-ff2f-4680-8ceb-d3e5500a0fd2,papered.zone,available,12.99,38.99,medium,low,7,namesilo,,,21/09/2026 10:14
26e7cab4-5df7-4473-b6ed-58b27c574c2c,cloistered.zone,available,8.98,51.98,high,low,10,namecheap,,,12/08/2026 11:48
9bcd0920-f196-434b-b8ed-0e3d7db1e404,fortiethly.zone,available,,,high,high,10,,,,
cf5d38fc-07a9-4074-957c-528a9d765bd3,herbivore.zone,available,,,high,high,9,,,,
da5e2daa-4494-4b40-8e19-a0566ca78885,kingric.zone,available,,,high,high,7,,,,
9c501e87-76b9-4275-9386-087a766a4d70,nachos.zone,available,,,high,medium,6,,,,
ea79502e-c4d8-4aa8-8f57-39955dc14362,youths.zone,available,12,,high,low,6,unstoppable,,,01/10/2026 00:09
36de0fa1-6834-44c7-b28a-d83233ccc98a,piecewise.zone,available,,,high,high,9,,,,
b6d37f6d-95f1-43f9-ba87-5b8ed31f46ab,redeems.zone,available,,,high,low,7,,,,
a3a56551-dba4-4cc4-a60b-0f4192fc2354,lodged.zone,available,12.99,38.99,high,low,6,namesilo,,,18/09/2026 14:44
35c54500-56c3-4dd3-9fe9-fdc8c18947c4,faction.zone,available,12,,high,low,7,unstoppable,,,30/09/2026 08:52
a476131d-90dc-46dc-8c36-76308e44d949,backwash.zone,available,8.98,51.98,high,low,8,namecheap,,,17/09/2026 15:44
3770b53c-f774-4f73-9940-c4cc94f8d063,eos.zone,resell,,,high,low,3,,,,29/09/2026 06:47
a381ca40-e9ab-44aa-b7fa-1262e0319b69,mower.zone,available,,,high,high,5,,,,
2c45a35b-52a8-4204-bf3d-be403e9a6fd8,lapsed.zone,available,8.98,51.98,high,low,6,namecheap,,,22/08/2026 19:47
4a701809-d1c7-4b11-ba13-46f1740a94a7,agnes.zone,available,12.99,38.99,high,low,5,namesilo,,,25/09/2026 14:30
fec98a41-b488-4e05-9aaf-5c31692fabed,apologetic.zone,available,8.98,51.98,high,low,10,namecheap,,,06/08/2026 02:07
d715df68-50c2-4926-b130-d4d8cdc1e6ad,floury.zone,available,8.98,51.98,high,low,6,namecheap,,,18/08/2026 09:00
0a8faa91-a2ea-4912-a133-6561c133e0e6,corticosteroid.zone,available,,,high,high,14,,,,
3f6d9fe6-12ed-44b4-9e54-e213964cfd0c,triclavianist.zone,available,,,high,high,13,,,,
72cc619a-eb31-499f-9337-e25120f90300,sigmund.zone,available,7.96,31.25,medium,low,7,spaceship,,,28/09/2026 11:40
d8138d71-7758-494a-bad9-6e8db4b8666f,subheadings.zone,available,,,high,low,11,,,,
9ff79ea5-29c8-4529-b673-9c4f32acafae,xxxviii.zone,available,8.98,51.98,high,low,7,namecheap,,,
ef856685-d0d2-43b9-9fc1-9869fabcad46,tread.zone,resell,,,high,low,5,,,,30/09/2026 02:58
fade77de-c694-457b-9922-abce11a98786,duplicity.zone,available,8.98,51.98,high,low,9,namecheap,,,14/08/2026 16:52
876bec2e-a3f5-4a60-ac30-a0fd22dde242,lemonlike.zone,available,8.98,51.98,high,low,9,namecheap,,,22/08/2026 23:27
082c6183-262f-40e7-8d78-a345242ec8a9,stops.zone,available,12,,high,low,5,unstoppable,,,30/09/2026 12:10
17c6f340-782c-49c1-8fac-746c6a2aea9b,maginot.zone,available,12.99,38.99,high,low,7,namesilo,,,19/09/2026 04:15
6de85eff-5df9-4fef-ad5b-1ff735fe43c1,skatelike.zone,available,,,high,high,9,,,,
913edc0a-50ba-4a05-b31e-cf26d448816b,salle.zone,available,12.99,38.99,high,low,5,namesilo,,,01/10/2026 05:06
749371be-92a2-4dd1-8ebb-254b580f6049,cruelty.zone,available,8.98,51.98,high,low,7,namecheap,,,24/09/2026 19:49
55b79963-ec6e-4d1e-90fd-3424b161353a,daggett.zone,available,7.96,31.25,high,low,7,spaceship,,,02/10/2026 00:55
f4960351-007c-4c48-8c25-79a8511e360e,multistorey.zone,available,,,high,high,12,,,,
e8293bb8-0509-48cf-96dc-33417c7f4c4d,stargazer.zone,available,8.98,51.98,high,low,9,namecheap,,,20/09/2026 18:07
c12986ae-57ae-4150-86bd-454b9ef11985,givingness.zone,available,,,high,low,10,,,,
1296e8e9-0d9b-4d62-abba-4c85e351b6fb,classing.zone,available,,,medium,low,8,,,,
a1af290d-9d9a-4bb6-9d64-7685a6f84a82,beetling.zone,available,8.98,51.98,medium,low,8,namecheap,,,09/08/2026 08:22
87e1c9a3-113a-4f47-b428-d379a7197cf3,silvester.zone,available,,,high,high,9,,,,
7ba378ca-646d-498c-af18-c1dd1d56b07d,occidental.zone,available,8.98,51.98,high,low,10,namecheap,,,21/08/2026 07:25
490c6ef1-e1cd-43fe-a74c-7771bf6278e7,sapid.zone,available,8.98,51.98,high,low,5,namecheap,,,18/08/2026 07:14
85ceccc5-6e9f-48a1-b448-2f0934bad027,federalists.zone,available,8.24,32.21,medium,low,11,dynadot,,,29/09/2026 11:41
105c1d6b-e75b-47c6-b67a-e64d602efd81,loren.zone,available,,,high,high,5,,,,
99049f3b-ad65-4bbf-bd05-6859d47b7d71,later.zone,available,12.99,38.99,high,low,5,namesilo,,,21/09/2026 22:11
75175578-b6ee-430c-b8d5-18a1c49c6f87,piecemealing.zone,available,,,medium,low,12,,,,
46cd4a87-3352-4e09-b0a2-a4fa184773c2,appellation.zone,available,,,high,high,11,,,,
540977b2-de45-4b3f-b2fe-8dd8f0b6f150,motormania.zone,available,,,high,low,10,,,,
59e1203b-bc4f-41f9-83e1-60ac3e0c0366,annalistic.zone,available,,,high,low,10,,,,
8513b332-c451-49b1-8229-af479cdd6266,sunita.zone,available,,,high,high,6,,,,
f7c1dfaa-2092-41af-be0e-55c7fa5fbe2e,dreamlands.zone,available,,,high,medium,10,,,,
c90fb388-50d3-47c1-a93d-a2030939eeec,politics.zone,available,12.99,38.99,high,low,8,namesilo,,,27/09/2026 05:03
352fd820-3d13-4746-af80-0ee0027bd30c,hallmarks.zone,available,,,high,low,9,,,,
d0af46ef-5242-4777-b539-920b489df9d6,interchanging.zone,available,,,high,high,13,,,,
72062a2f-0e68-4e1a-953b-bc684d0634f2,manoeuvreable.zone,available,,,high,high,13,,,,
ad01f732-6835-41b4-ad06-0631738e6c26,counterbalanced.zone,available,,,high,low,15,,,,
20fb5129-cf39-4a58-82a3-fc564d7c0417,specials.zone,available,12.99,38.99,high,low,8,namesilo,,,29/09/2026 17:33
138e227e-6f69-46b0-8716-c7cbf97c8f3c,metabolism.zone,available,30.2,30.2,high,low,10,cloudflare,,,29/09/2026 13:25
3a2440e0-9815-4f7b-8e11-8f40c6ef0a6f,cucumbers.zone,available,8.98,51.98,high,low,9,namecheap,,,20/09/2026 10:05
66626f64-6738-4d39-80ed-51628b9aa688,anima.zone,resell,,,high,medium,5,Dynadot Inc,17/02/2026 17:00,17/02/2027 17:00,26/09/2026 03:53
cc481d37-36e1-45f2-9267-0672c0a21603,leaden.zone,available,8.98,51.98,high,low,6,namecheap,,,22/08/2026 21:44
086aee5c-7f10-4548-ac80-96fa618f98f6,blase.zone,available,8.98,51.98,medium,low,5,namecheap,,,10/08/2026 13:19
7753c4aa-1a48-4260-8074-622d8f861aa9,repeated.zone,available,12.99,38.99,high,low,8,namesilo,,,27/09/2026 11:04
e5d3f5b3-48d6-46ab-b49a-e1115f727847,upgrading.zone,available,,,high,high,9,,,,
f2204be5-6fb2-42c8-a295-e99f540adc62,ordination.zone,available,51.98,,high,high,10,namecheap,,,
2c16882c-5c51-48dc-8240-a51f617bd98a,baseflow.zone,available,,,high,high,8,,,,
fdf9d109-f39a-4673-a440-fa605d6822a0,jury.zone,available,8.98,51.98,high,low,4,namecheap,,,25/09/2026 08:06
49a1e347-09bf-423d-a6f2-069873d7a668,carbonisation.zone,available,,,medium,low,13,,,,
fc2e6ea4-e2b5-42d4-90bb-aace0bafef3b,hydrate.zone,available,,,high,high,7,,,,
0f4f5424-d622-4362-b9a4-a90eadef763f,carthusian.zone,available,8.98,51.98,high,low,10,namecheap,,,11/08/2026 19:53
2b3a4c36-f06c-443c-8772-019b298fb52e,prose.zone,available,12.99,38.99,high,low,5,namesilo,,,30/09/2026 07:46
0f01f459-f8b5-486d-8042-3bc4df0268dc,highways.zone,available,12,,medium,low,8,unstoppable,,,30/09/2026 00:05
c725619e-6bba-4050-b6d3-299b8e3b6d9b,goranboy.zone,available,,,high,high,8,,,,
cc1e7cc0-51fc-4fe9-89fb-8b8cc0559cac,handbooks.zone,available,,,high,low,9,,,,
b255117d-b267-463a-8aee-e92cab97a989,morality.zone,available,30.2,30.2,medium,low,8,cloudflare,,,28/09/2026 09:42
3970cbc8-2014-4143-83c4-25d18c802e32,sequins.zone,available,,,high,low,7,,,,
950cb5af-e1b0-4846-864c-4fd6c723cf57,llp.zone,available,7.96,31.25,high,low,3,spaceship,,,02/10/2026 01:32
0d6fa0ab-5e05-44c5-ace8-099af7feb98e,detroit.zone,available,12.99,38.99,high,low,7,namesilo,,,29/09/2026 14:28
969e8879-9f87-4c08-b379-c6420b448332,sweetmeat.zone,available,,,high,high,9,,,,
ed335b3c-48e0-4d93-9ba5-4914f403500f,vaginas.zone,available,,,high,low,7,,,,
3cfa85ee-6542-45c9-8369-9329f449fd48,affirmation.zone,available,8.98,51.98,high,low,11,namecheap,,,16/09/2026 08:52
fa98e983-66db-4cca-9f65-79c1e1a00f71,anasazi.zone,available,12.99,38.99,high,low,7,namesilo,,,19/09/2026 03:16
11b10fff-032a-454f-b203-deb78302eb01,decomposition.zone,available,12,,medium,low,13,unstoppable,,,30/09/2026 22:50
3bef6e8a-5312-4e65-93be-9a50d370888c,clubbish.zone,available,8.98,51.98,medium,low,8,namecheap,,,12/08/2026 12:59
9bf6dc87-e7eb-4115-a5e9-a5febc397f62,mournful.zone,available,8.98,51.98,medium,low,8,namecheap,,,14/08/2026 15:16
a9981330-89b4-4b00-8d98-327e4d872bc5,unlaced.zone,available,8.98,51.98,medium,low,7,namecheap,,,12/09/2026 14:37
d188175e-4b0b-4272-aad4-b9f413f789fb,chelating.zone,available,,,high,low,9,,,,
1cd7ef83-da21-4f0f-a573-7b8b320ae014,star.zone,resell,,,high,medium,4,"DNSPod, Inc.",23/09/2019 00:53,23/09/2035 00:53,26/09/2026 09:16
61412bba-459c-4259-ab02-2a3cfeffbcf0,eraser.zone,available,12.99,38.99,high,high,6,namesilo,,,27/09/2026 05:38
3433757c-2ce3-4836-bb05-b9b83b3e5d9f,nighted.zone,available,8.98,51.98,medium,low,7,namecheap,,,09/08/2026 14:33
c75f2ef6-33b8-4a93-b81a-76cc27789698,scintilla.zone,available,,,high,high,9,,,,
342f81f3-8d79-435e-aa18-2409e426b41b,frenchesque.zone,available,,,high,high,12,,,,
06e39443-51bf-4b83-b01f-a06964df0071,indianness.zone,available,,,high,high,10,,,,
2afa400a-b33d-4572-aa7b-a225fe33bb5a,karan.zone,available,7.96,31.25,high,low,5,spaceship,,,02/10/2026 00:39
d6413b74-46bd-4223-8519-f9b35881d930,xenomorph.zone,available,,,high,high,9,,,,
a7dc785d-d024-4b87-b768-9eaa6a20b6b7,betrothal.zone,available,12.99,38.99,high,low,9,namesilo,,,23/09/2026 11:34
76edb99f-568d-441e-bff5-8f03158a3537,injection.zone,available,7.96,31.25,high,low,9,spaceship,,,28/09/2026 06:02
f519db65-2267-41fb-84e8-c69fa75d1b0f,jaqueline.zone,available,,,high,medium,9,,,,
90e10468-afe9-49e5-8ec8-e7e44c1ad05b,urge.zone,available,7.96,31.25,high,low,4,spaceship,,,28/09/2026 19:09
970e9d05-cf20-4d76-94dc-7c454f3a203e,incurable.zone,available,8.98,51.98,high,low,9,namecheap,,,22/08/2026 02:06
40a227d2-4277-46c8-8314-1992aa0317aa,implantologist.zone,available,,,high,high,14,,,,
351aeb63-b0b5-4120-8fcb-cd51f3671e5f,lifehacking.zone,available,,,high,high,11,,,,
87eca674-c04c-44f3-8a08-2350871d1373,expanding.zone,available,8.98,51.98,medium,low,9,namecheap,,,28/09/2026 17:53
f5761483-58d6-4738-82bf-c07e214290c9,accreditations.zone,available,,,medium,low,14,,,,
de9703ec-64e0-4bd7-815c-7adba27fc912,quays.zone,available,,,high,low,5,,,,
6240ad4c-29f6-47b7-8e36-1b38742f0407,kiplingcotes.zone,available,,,high,high,12,,,,
f9a0b718-da85-4f60-aabe-635e578e0c24,resided.zone,available,,,high,low,7,,,,
df7653c7-e59a-4c10-b37a-89a2e8287d70,nipple.zone,available,9.99,59.99,high,low,6,godaddy,,,30/09/2026 02:11
6dcd6f0f-e949-4a67-9061-cdd98f73d6d7,motorcycling.zone,available,,,high,high,12,,,,
ae3631c4-0954-4cf3-845c-5da995350a4f,syndicated.zone,available,,,high,medium,10,,,,
f33cd1a3-89c0-44dd-ad04-d83dcccce40d,momism.zone,available,,,high,high,6,,,,
ffb414f5-1c01-4bc4-9fe5-baac36b402f5,gaminess.zone,available,,,high,high,8,,,,
3cbc6cc0-de10-421e-8683-4fc8753e8526,weightlifter.zone,available,,,high,high,12,,,,
65175785-c427-4c2f-ae71-52641c5ac81e,packeting.zone,available,,,medium,low,9,,,,
93cff210-2ce9-4e4b-b7bc-992581e1f803,hammers.zone,available,12.99,38.99,high,low,7,namesilo,,,01/10/2026 08:09
f23785cd-659b-41b3-82a3-e008df07d0e3,bioresource.zone,available,,,high,high,11,,,,
3224c5fb-2336-4c64-931d-2e5b124525c8,manuka.zone,available,,,high,medium,6,,,,
2f3c9337-2082-471c-85c3-4b1009eb0e30,backgrounds.zone,available,12.99,38.99,medium,low,11,namesilo,,,20/09/2026 22:12
a5853f61-9276-4ead-a0f0-4424e7232ba1,funicular.zone,available,8.98,51.98,high,low,9,namecheap,,,18/08/2026 18:41
bff17770-dac9-497f-a398-4c6dfcccb3bd,skint.zone,available,8.98,51.98,medium,low,5,namecheap,,,11/08/2026 05:21
72c97a75-b897-427d-813e-d8379826a1fb,lamplit.zone,available,8.98,51.98,high,low,7,namecheap,,,22/08/2026 19:11
2c31e9eb-0a67-41c7-bb22-205ef776be98,maimed.zone,available,8.98,51.98,high,low,6,namecheap,,,24/08/2026 13:20
9b1f25f9-00c7-489b-8642-ba5ad26c265f,equivalence.zone,available,7.96,31.25,medium,low,11,spaceship,,,28/09/2026 21:10
62c586e9-1377-4c47-8c48-75c27c0c3fa4,plaster.zone,available,12.99,38.99,high,low,7,namesilo,,,17/09/2026 08:00
b60bceb6-a77a-43ea-a3ac-50e1b8d4647e,concentric.zone,available,8.98,51.98,high,low,10,namecheap,,,12/08/2026 19:57
fbf174ff-0c26-43d8-8796-523d6bb82e32,glaikitness.zone,available,,,medium,low,11,,,,
395da85f-7d83-4581-bea4-11cf284969a7,farmsteads.zone,available,,,high,low,10,,,,
f5fe7126-9f8e-489f-8564-709053ec163d,relied.zone,available,12.99,38.99,medium,low,6,namesilo,,,20/09/2026 05:00
3d47e8fb-26ec-4ad4-aed1-4b1d00814717,tajik.zone,available,12.99,38.99,high,low,5,namesilo,,,01/10/2026 03:29
41a4edd7-2261-4832-abe0-80c52b3014e5,embu.zone,available,,,high,high,4,,,,
9bc4e90a-88bb-491a-8d46-5bb2677a2a77,expend.zone,available,8.24,32.21,high,high,6,dynadot,,,01/10/2026 02:18
101543e5-67e1-4474-a459-bfc787de65c9,babassu.zone,available,12.99,38.99,high,low,7,namesilo,,,21/09/2026 12:15
c5194188-6029-446f-9bf3-26d969b01332,unpaired.zone,available,8.98,51.98,high,low,8,namecheap,,,12/09/2026 15:30
101bab04-4595-4c55-8950-a1dc70e2c5b4,horsecraft.zone,available,,,high,low,10,,,,
997f71ab-800d-4af4-822c-6790cf032c98,vestiary.zone,available,8.98,51.98,medium,low,8,namecheap,,,13/09/2026 04:51
8c80ec76-580f-49c3-8eac-5345b5fd529d,sprouts.zone,available,,,high,medium,7,,,,
6de6eb56-3874-446c-8387-3adea551fd81,equalize.zone,available,12.99,38.99,high,high,8,namesilo,,,27/09/2026 06:12
b3019811-53bb-477f-8dab-50e53873f6b3,overworld.zone,available,8.98,51.98,high,high,9,namecheap,,,27/09/2026 05:28
600fa5f7-85f8-4c15-8b81-61e504754eea,flighty.zone,available,8.98,51.98,high,low,7,namecheap,,,18/08/2026 08:11
08e8bd7c-9aa6-4b50-9d29-3e22cd28c77d,trusteeships.zone,available,,,medium,low,12,,,,
914bba9e-919f-48cf-bef5-a62bece4f2de,bottlesworth.zone,available,,,high,high,12,,,,
11d72ede-fe58-4bc4-b529-9652b8bca75e,polycentrically.zone,available,,,high,high,15,,,,
27ace59d-f793-4546-b260-9b45b3f543da,fireplace.zone,available,12.99,38.99,high,low,9,namesilo,,,28/09/2026 14:11
7e89a60b-bf2b-49f8-a49a-8ed36944da83,soubedar.zone,available,,,high,high,8,,,,
0cf13c66-e67d-4e46-9bf7-cf9b14ab79c1,ptsd.zone,available,7.96,31.25,medium,low,4,spaceship,,,28/09/2026 10:45
ea1c19c7-4f99-4cfa-b1c4-4e4e5ffa62df,superfine.zone,available,8.98,51.98,high,low,9,namecheap,,,04/09/2026 21:37
96e609f1-1804-49d8-b1d7-a392a4ac7fa1,decant.zone,available,,,high,high,6,,,,
d278b47c-29c1-4f24-bc77-c3ac8a6e8766,dunny.zone,available,,,high,high,5,,,,
155d950b-39eb-4d68-809c-f97c0bc66993,juvenescence.zone,available,,,high,medium,12,,,,
cb1f0271-2afb-4b53-a3b2-d90ed3d8049c,glaser.zone,available,8.24,31.41,high,low,6,porkbun,,,30/09/2026 01:21
2af2d790-3685-4e98-8f26-43d766dc8134,bullioned.zone,available,,,medium,low,9,,,,
b89aab77-ad73-44a4-a5e7-5dabc63bb897,unseal.zone,available,12.99,38.99,high,high,6,namesilo,,,27/09/2026 06:20
df48fbe1-406e-4469-a434-bce6b68bb642,ovate.zone,available,8.98,51.98,high,low,5,namecheap,,,15/08/2026 18:03
4bad4ee9-5d57-485a-9ed3-5095f5bb41df,themself.zone,available,14.99,,medium,low,8,name.com,,,
9ecd244f-7755-45ec-97b1-416338d54a85,moldovan.zone,available,8.98,51.98,high,low,8,namecheap,,,25/08/2026 03:50
43436f10-ec5f-4c5b-9990-ddf9e44bb64a,ranked.zone,available,8.98,51.98,high,low,6,namecheap,,,20/08/2026 17:38
043907cd-bdff-416d-9395-d97b7782cd9a,gorsuch.zone,available,,,high,high,7,,,,
a8f56321-c6f7-421b-a742-b50587be6500,ornamental.zone,available,8.98,51.98,high,low,10,namecheap,,,13/08/2026 02:53
b3d27c4a-c406-4db5-8101-fba1d897d29a,nmr.zone,available,7.96,31.25,high,low,3,spaceship,,,28/09/2026 06:29
fb6e8a5f-4988-499f-a6ca-dfaa8def8922,absolve.zone,available,,,high,high,7,,,,
ea510379-f1ad-4fe2-9186-2382cc40fac3,vouching.zone,available,,,medium,low,8,,,,
3b69f4e4-8133-4bd4-8390-03579b2db3d1,cleverly.zone,available,7.96,31.25,high,low,8,spaceship,,,28/09/2026 13:56
28cb795c-cf6a-4f94-825a-3f4683e61c4a,matzoh.zone,available,,,high,high,6,,,,
4808ca1d-4b21-4b2b-be3f-492bec7a1b36,isfp.zone,available,,,high,high,4,,,,
4458b545-0ddd-4276-a4d9-596a9e36a34e,slyness.zone,available,8.98,51.98,high,low,7,namecheap,,,13/08/2026 10:43
0cf4d566-4db9-47b2-abd7-70610634744a,partake.zone,available,8.24,32.21,high,low,7,dynadot,,,30/09/2026 11:28
d78d7e8a-bc8e-430f-abab-1a519a4f720e,postcolonial.zone,available,,,high,high,12,,,,
0a3788c0-82ef-4b9d-882a-c4a613b8db25,optimism.zone,resell,,,high,low,8,"GoDaddy.com, LLC",06/10/2015 11:06,06/10/2030 11:06,29/09/2026 07:46
ad62c9fd-d5fa-4c7b-99fc-76fd394a7c86,pillage.zone,available,8.98,51.98,high,low,7,namecheap,,,08/09/2026 21:56
559aa850-6b00-4b68-8c34-d835a6290a3b,quencher.zone,available,,,high,high,8,,,,
4e88e2f2-7b7a-48ad-94f2-2765b9d186b1,skullcap.zone,available,,,high,high,8,,,,
3cce97b0-4615-48e3-b52d-30e6108f79e0,whippet.zone,available,,,high,high,7,,,,
7bcb902b-7f06-484c-a14e-0dadaaa1976a,expenditure.zone,available,,,high,high,11,,,,
95cf1599-d0ea-4db0-856e-3606c7ac03e8,crooning.zone,available,,,high,high,8,,,,
c37e87bc-c08c-4965-8610-25fe6a5abb15,daleks.zone,available,,,medium,low,6,,,,
98218257-a20f-43c6-a0a2-fb04b178de37,unhrc.zone,available,,,high,high,5,,,,
f959199f-d542-4313-af7e-892cf9ed9ae8,detoxing.zone,available,,,high,high,8,,,,
4295762c-699c-4e85-a7de-3a8fb3885490,acrolein.zone,available,12.99,38.99,medium,low,8,namesilo,,,17/09/2026 03:46
1b164358-a9b4-401b-b7f3-48b04b017a22,criticize.zone,available,7.96,31.25,high,low,9,spaceship,,,30/09/2026 18:07
4c593744-31b5-45ba-8678-4f6b94138b9e,styli.zone,available,,,high,low,5,,,,
ec43e02f-936c-4a13-8184-71752f605863,unbleached.zone,available,8.98,51.98,high,low,10,namecheap,,,12/09/2026 02:04
5a3d88bd-4705-4898-8c57-7d353cdbb38f,kanawha.zone,available,12.99,38.99,medium,low,7,namesilo,,,29/09/2026 01:29
b12c976f-9e17-4d8b-a046-a6292eb036bd,repertoire.zone,available,12.99,38.99,high,high,10,namesilo,,,27/09/2026 05:58
0bfa0ade-c58a-4a4e-a92b-dd18360ff367,guangdong.zone,available,12,,medium,low,9,unstoppable,,,28/09/2026 09:58
af5616af-53e4-4ea4-8009-a9fb0381cb30,jettison.zone,available,12.99,38.99,high,high,8,namesilo,,,27/09/2026 05:34
a70f8dcf-53fd-4175-8e71-333f9ee39dcf,transmissible.zone,available,,,high,medium,13,,,,
38da536f-c988-4197-a44a-954c67187acb,xaerogel.zone,available,,,high,low,9,,,,
d839bdcb-9dcf-475a-a616-ac0e0e9a65eb,xxix.zone,available,8.98,51.98,high,low,4,namecheap,,,
05a0f85d-0593-4dc7-8863-df0442593cad,clubnight.zone,available,,,high,high,10,,,,
18b026a0-81a4-4117-a063-dcf9d6a6bd97,plenteous.zone,available,8.98,51.98,high,low,9,namecheap,,,08/09/2026 21:08
cd0778e4-86ad-428c-b5cc-1c072186fa17,abasia.zone,available,12.99,38.99,medium,low,6,namesilo,,,16/09/2026 14:05
54c50a50-7ca4-414d-a625-af40edcb2235,atelier.zone,available,8.98,51.98,high,medium,7,namecheap,,,20/09/2026 11:53
497295f6-6ab0-4163-aec7-ad1c7615bc0f,hess.zone,available,12.99,38.99,high,low,4,namesilo,,,27/09/2026 03:38
871291ea-1612-451e-992b-98939278d7a1,openness.zone,available,12.99,38.99,high,high,8,namesilo,,,27/09/2026 06:24
ebf22275-b0e2-4a58-ba0f-c7779dbc30d0,colorblind.zone,available,,,high,high,10,,,,
4e6262cb-8744-4fd1-a024-88a9b029589a,umm.zone,available,12,,high,low,3,unstoppable,,,29/09/2026 21:18
a047365e-68eb-4c39-b23d-6458210a47be,sartre.zone,available,12,,high,low,6,unstoppable,,,29/09/2026 07:22
62d14daa-74cd-4808-9430-b813b9762d4a,executant.zone,available,,,high,high,9,,,,
9cd13daf-a8cf-48eb-a603-4db47d111896,perfusion.zone,available,,,high,high,9,,,,
f8ed7303-4ade-422a-ac9c-6a05c7f1d89f,mckean.zone,available,12.99,38.99,high,low,6,namesilo,,,30/09/2026 05:34
3e413ef3-51c5-4012-8cbe-bd0cab0ab489,ideologue.zone,available,,,high,high,9,,,,
9852f137-9910-4b37-bd8f-8fe321438695,protester.zone,available,8.98,51.98,high,low,9,namecheap,,,14/08/2026 12:41
d6922220-f9ba-4d9f-8417-251a39ec2368,washerman.zone,available,,,high,high,9,,,,
b0e318db-9005-4778-a06e-88ad67294b94,strikethrough.zone,available,,,high,high,13,,,,
9514ad3c-ddcb-4337-af0d-5b6346ea174c,noggins.zone,available,,,medium,low,7,,,,
97b5bf4b-306f-4533-aad7-daf84771b251,refortify.zone,available,,,high,high,9,,,,
22525dc7-7fdf-46b4-8ae9-975e2d340caf,wobbles.zone,available,,,medium,low,7,,,,
472fb046-f41b-4a38-b57c-965890927ebd,ambages.zone,available,12.99,38.99,medium,low,7,namesilo,,,18/09/2026 16:24
d95a3e54-b1ee-49b6-a4d5-efdf1b5ea7e5,stuffing.zone,available,12,,high,low,8,unstoppable,,,29/09/2026 14:01
c9d4a850-6a13-4e87-955f-ea6ec7ef07dc,singable.zone,available,,,high,medium,8,,,,
0bc0b79a-150e-4cdc-914e-36616372ff65,jaywalk.zone,available,,,high,high,7,,,,
af789934-7273-4b10-809f-ca1085f6ee0f,position.zone,available,12.99,38.99,high,low,8,namesilo,,,19/09/2026 04:25
8384576f-db61-4d0d-b350-d60ced086ee4,raring.zone,available,,,high,high,6,,,,
afa5c252-69c1-4ba1-b2e1-c8a47fc26bcb,insanely.zone,available,8.98,51.98,medium,low,8,namecheap,,,14/09/2026 09:13
99efaa92-79e9-4446-bb8d-818fa11096ea,concoct.zone,available,12.99,38.99,high,low,7,namesilo,,,30/09/2026 17:42
e6628d2f-af3d-48fc-bd21-862b4a55407d,ravel.zone,available,,,high,high,5,,,,
b235811e-6823-4b82-b7dd-8b99d726be00,razzle.zone,available,,,high,high,6,,,,
eb30d0d2-bb2c-49ed-8121-e17fc751e6b0,whipped.zone,available,12,,medium,low,7,unstoppable,,,28/09/2026 21:21
5f6573b0-3ae2-4670-815b-902a92bc879c,holdings.zone,available,8.98,51.98,high,low,8,namecheap,,,17/09/2026 20:27
9b83d74a-32c9-426f-9692-598e15ea4c3a,philadelphia.zone,available,14.99,,high,low,12,name.com,,,
7754ef27-6bd1-4a13-b53c-d6ece730a61e,laundromats.zone,available,,,high,low,11,,,,
3488acf3-836b-4b15-8384-da61701663b7,untangle.zone,available,12.99,38.99,high,high,8,namesilo,,,27/09/2026 05:57
f9c13877-49db-44bd-ba65-92aa0cc53aa1,memoir.zone,available,12.99,38.99,high,high,6,namesilo,,,27/09/2026 06:09
cdd44126-0d18-4d14-b559-52ee701143c5,propeller.zone,available,8.24,32.21,high,low,9,dynadot,,,29/09/2026 01:54
a34851a6-01bb-432f-8886-a98bcb1de406,ymmv.zone,available,,,high,high,4,,,,
92e5f771-7271-4fbe-923b-104287e2a231,shocking.zone,available,12.99,38.99,high,low,8,namesilo,,,24/09/2026 11:12
9acd0f7a-dff5-49f1-b9d6-20912518a07a,letters.zone,available,12,,high,low,7,unstoppable,,,30/09/2026 02:50
971f6a22-b991-4291-9127-77255bab1eaf,valuation.zone,available,51.98,,high,high,9,namecheap,,,
6c75586d-31f0-4fbb-a011-b45a902ff8ab,christiansted.zone,available,,,high,high,13,,,,
9f228dd7-c642-4d4f-b3db-8f87d0aab9a9,inverness.zone,available,,,high,high,9,,,,
018c5431-dfed-413f-8a62-30211151044e,chopsticks.zone,available,,,high,high,10,,,,
27bcea3a-c596-43e6-acf9-9d6321e9b558,selfdual.zone,available,,,high,high,9,,,,
78152d08-c3bc-4aac-9115-b4ecb73586b1,kirkhill.zone,available,,,high,high,8,,,,
3d212e4a-0155-4c45-89e9-8cb6a26c5c0b,grenadiers.zone,available,,,medium,low,10,,,,
605fbd20-f359-4844-83bf-fbafc8c971e3,gemmed.zone,available,8.98,51.98,high,low,6,namecheap,,,18/08/2026 21:08
71cff349-a62a-49d1-aa2a-e20549ca47b7,gemma.zone,available,8.98,51.98,high,high,5,namecheap,,,26/09/2026 06:20
c24b8298-984b-400c-b452-f0f30f68283c,brushful.zone,available,,,high,high,8,,,,
986ed567-516f-49bd-aafb-41a86500a39a,government.zone,premium,128.7,128.7,high,low,10,namecheap,,,24/09/2026 22:50
4806c2eb-4f67-45a6-9035-a6ccebcf9e35,alhamdulillah.zone,available,,,high,high,13,,,,
f51efc2f-c5bc-4484-be4a-9113fb7d77a3,duchesses.zone,available,,,medium,low,9,,,,
56d53d62-b241-4140-bb3a-7c236f45956f,ailing.zone,available,8.98,51.98,high,low,6,namecheap,,,
e4538b36-c503-4a5d-b252-6054b36ce306,deutscher.zone,available,7.96,31.25,high,low,9,spaceship,,,29/09/2026 08:39
24a68dc5-ad51-4973-864e-a96a5256131f,deduction.zone,available,12.99,38.99,high,low,9,namesilo,,,30/09/2026 09:21
3a1e5c02-c039-4c4f-9e85-85f3257eec56,intimal.zone,available,8.98,51.98,high,low,7,namecheap,,,22/08/2026 08:28
4379dd21-fb42-4ac4-a26e-51aa1e813b56,blinged.zone,available,,,high,high,7,,,,
c2334ed0-0dae-47a6-bdea-2e37ce10db36,waxmaking.zone,available,,,high,low,9,,,,
365b2142-08d6-413f-9131-033791329512,genera.zone,available,,,high,high,6,,,,
712d8b53-1e1e-4b92-80c0-fddeab1b9557,perennial.zone,available,8.98,51.98,high,low,9,namecheap,,,08/09/2026 16:26
1f2d2958-2d29-4be2-8455-e58a4ae13a87,minder.zone,available,12.99,38.99,high,low,6,namesilo,,,21/09/2026 13:29
cd0e5f19-8dbf-47f2-b3a3-a2c4b879ebfe,pernicious.zone,available,8.98,51.98,medium,low,10,namecheap,,,08/08/2026 12:01
46c369f1-d2d6-4d01-b39f-717f6207652b,peplum.zone,available,,,high,high,6,,,,
dd0665ee-7bae-45c6-b292-1177312eb5d5,anile.zone,available,8.98,51.98,high,low,5,namecheap,,,
72de01c5-b756-486d-9f1a-d8e4f8d179d1,carbide.zone,available,,,high,high,7,,,,
b3206c50-b317-4620-9ef4-d3f02b061dcc,gaillardia.zone,available,,,high,medium,10,,,,
61b73eec-66cd-44c0-86e6-d791fba2b852,shaky.zone,available,7.96,31.25,high,low,5,spaceship,,,27/09/2026 14:56
8c0e9ae3-9f55-40bb-b1b7-28f52953491e,ledbury.zone,available,,,high,high,7,,,,
30f043f5-f6be-47cf-8883-8d8ee04465b7,fluvial.zone,available,8.98,51.98,high,low,7,namecheap,,,18/08/2026 09:35
cc499b7f-fae6-428f-a5a6-d49d71dd65f1,straits.zone,available,12.99,38.99,high,low,7,namesilo,,,30/09/2026 02:57
f4b9c224-ecef-47d9-8192-c0c497e7e54c,desmodium.zone,available,,,high,medium,9,,,,
5a33d6ad-87d5-4cd5-94d8-8c56f768e967,airframe.zone,available,8.98,51.98,high,low,8,namecheap,,,17/09/2026 23:10
34e283ef-c4aa-4010-a5f1-a3e1d96205b4,surmount.zone,available,,,high,high,8,,,,
12e2cd40-34ab-4003-b4b2-b8dabf618419,displaying.zone,available,7.96,31.25,high,low,10,spaceship,,,01/10/2026 16:09
8a12fa03-1b57-489d-9b54-517ed7b6e162,clapper.zone,available,8.98,51.98,high,low,7,namecheap,,,19/09/2026 20:51
f0acac87-7565-41b6-aa83-e1be3eb0520c,absolutizable.zone,available,,,medium,low,13,,,,
49a3bcae-1a7a-445b-9e4e-afb713dff236,threaded.zone,available,8.98,51.98,high,low,8,namecheap,,,11/09/2026 14:12
040aef50-62a4-4e6c-baff-4477c1d74e1c,guamanian.zone,available,,,high,high,9,,,,
2e596f19-db74-47a5-a021-82adb5c392f4,blackfriars.zone,available,,,high,low,12,,,,
3f5f8744-1684-4852-b400-04b96c77344a,coven.zone,available,12.99,38.99,high,high,5,namesilo,,,01/10/2026 02:16
ab126a8a-2ba3-4ef1-9fc2-4039496c3d13,angular.zone,available,12.99,38.99,high,low,7,namesilo,,,22/09/2026 04:30
b7a5f94c-739d-4bab-b541-3d872ffdf95c,kinshasa.zone,available,7.96,31.25,high,low,8,spaceship,,,01/10/2026 02:48
61dc3074-5b61-43cf-9c0c-d2cf5f23c757,populist.zone,available,,,high,high,8,,,,
ea53185e-59bb-4426-ab2b-68c2fd5c772a,weeklong.zone,available,8.98,51.98,high,low,8,namecheap,,,10/09/2026 05:01
f0377454-b3f8-4a3e-bf65-67ea9d5df139,volant.zone,available,,,high,medium,6,,,,
7623027c-dad3-47f9-a858-f6e11b7f25f7,arak.zone,available,12.99,38.99,high,low,4,namesilo,,,19/09/2026 23:47
92f27bd5-142c-440a-8208-ee1cb79c2578,andamans.zone,available,,,high,high,8,,,,
6a4e1e31-67a4-4403-bcea-686a44b88ef9,sieve.zone,available,,,high,high,5,,,,
e8b2b64d-d237-47aa-ac33-4fae2bccfa7a,deletion.zone,available,8.98,51.98,high,low,8,namecheap,,,24/09/2026 21:34
83519a29-3f0a-4f62-872c-9667ee12c465,insurable.zone,available,8.98,51.98,high,low,9,namecheap,,,22/08/2026 07:40
a9b018c4-c012-41d3-a8f3-923f4d8dff4a,superstore.zone,available,,,high,high,10,,,,
dc36157b-b8ca-4395-a7ae-8ce7f882808a,girly.zone,available,7.96,31.25,high,high,5,spaceship,,,28/09/2026 02:19
ccf45888-796f-4a86-a69c-ce0c1d2c16d2,enough.zone,available,12.99,38.99,high,low,6,namesilo,,,24/09/2026 14:04
a4ae89f3-a0b2-4073-a3df-c94f978c9cfc,soupcon.zone,available,,,high,high,7,,,,
99d35701-4339-42a8-98ee-c5a38e875d56,peeping.zone,available,,,high,high,7,,,,
afc11975-11cf-4c50-a5cc-52721e612c01,streamliner.zone,available,,,high,high,11,,,,
b0e0d5f9-d979-4b41-ab11-a8b138ccdc60,outlive.zone,available,12.99,38.99,high,high,7,namesilo,,,27/09/2026 05:28
076ca0c9-1340-4629-974b-42d230f37d22,tuttle.zone,available,12,,medium,low,6,unstoppable,,,28/09/2026 16:39
6b10a951-31af-4339-b8f8-1fa4dd50b11f,wildflower.zone,available,7.96,31.25,high,high,10,spaceship,,,30/09/2026 02:19
3bee6f8f-f0f8-4ec3-8b9b-fec308aa7dbf,idealize.zone,available,30.2,30.2,high,high,8,cloudflare,,,28/09/2026 02:21
2a834202-5046-4fea-8649-5df98c9ba7ad,surfboat.zone,available,,,high,high,8,,,,
d17f5d86-ec92-4677-9b5c-afc99ec576c6,diligently.zone,available,8.98,51.98,high,low,10,namecheap,,,14/09/2026 12:40
1c32a1fd-e1e3-43a9-a175-b9753a903c65,lacertilia.zone,available,,,high,high,10,,,,
e4499aeb-7589-4637-9c86-61850f9d5e95,cic.zone,premium,68.51,68.51,high,low,3,spaceship,,,30/09/2026 04:17
a5c1a758-7cb4-4785-9d9e-bc12f46eaa86,ignescent.zone,available,8.98,51.98,medium,low,9,namecheap,,,21/08/2026 18:22
f89b89ab-f2af-4d17-ba30-810bae1449af,dianne.zone,available,12,,high,low,6,unstoppable,,,30/09/2026 05:00
9e78e0ab-89da-4d16-aac7-3737cf011212,slaughtered.zone,available,12.99,38.99,medium,low,11,namesilo,,,29/09/2026 05:12
c37a2d4f-f6a7-450c-aa19-bd26f3d68bfc,boca.zone,available,8.24,32.21,high,low,4,dynadot,,,30/09/2026 05:21
8da7437c-6585-4466-bef9-bd4dd9fdb5db,mitsvah.zone,available,,,high,high,7,,,,
4e7ff0c8-0415-417e-a059-c5533473df3e,thus.zone,available,7.96,31.25,high,low,4,spaceship,,,28/09/2026 15:12
6f9e2882-31cd-4a65-851c-913550a51a4d,lunt.zone,available,8.98,51.98,high,low,4,namecheap,,,18/09/2026 06:40
575c543f-7fac-4ef3-8fcb-4f121342f082,pertinent.zone,available,8.98,51.98,high,low,9,namecheap,,,06/08/2026 07:59
064284a1-76d2-491d-8e2e-79d3472ca541,perceptual.zone,available,8.98,51.98,high,low,10,namecheap,,,08/09/2026 16:15
4f1e0086-a9ae-4124-a960-0db8d9449bff,unholy.zone,available,8.98,51.98,high,low,6,namecheap,,,14/08/2026 01:33
648a68f3-15a7-43ee-9747-372e7b773087,inkjets.zone,available,,,medium,low,7,,,,
fac99899-fac6-43a2-abe8-4ca7c02b64c4,impairment.zone,available,14.99,50.99,high,low,10,name.com,,,13/08/2026 19:25
9e8eb402-aafe-4280-be89-f26a2b53ffbb,temples.zone,available,12.99,38.99,high,low,7,namesilo,,,29/09/2026 15:51
9da0db91-16ed-4347-bd37-723b4fa6ffb3,eltham.zone,available,,,high,high,6,,,,
29316f45-950f-4064-b8b1-f28c430e5c01,perfectible.zone,available,,,high,high,11,,,,
b542a390-d60a-4005-bc67-c22c404c3ed9,milliner.zone,available,,,high,high,8,,,,
beefbdd7-cbbc-4f80-b61a-c966c0adf738,reservedly.zone,available,8.98,51.98,medium,low,10,namecheap,,,15/09/2026 23:22
2abb5960-324e-4406-a266-5f6d81485582,presurgery.zone,available,,,high,low,10,,,,
63a3f01d-d015-4853-a5fe-6bfe795c3718,inexplicit.zone,available,8.98,51.98,medium,low,10,namecheap,,,21/08/2026 22:39
b00eb138-6209-47f2-9804-684be27adc2d,chapters.zone,available,30.2,30.2,high,low,8,cloudflare,,,29/09/2026 11:10
5df2420c-73a3-4e1a-ba75-d5080e4b6277,gill.zone,available,12.99,38.99,high,low,4,namesilo,,,24/09/2026 08:09
eddb3cfa-ae67-4bf7-9cb4-288ed87e4f0a,canvas.zone,resell,,,high,medium,6,"DNSPod, Inc.",07/03/2024 15:15,07/03/2027 15:15,26/09/2026 04:45
36b6aa8a-ac5f-43ba-b484-fc691c5de0f1,assignation.zone,available,,,high,low,11,,,,
5e8d1ae7-cdd1-4a07-ae8f-3626ad7b1197,exasecond.zone,available,,,high,high,9,,,,
051b7850-ebca-4816-8940-72bd02ad5d4f,cowl.zone,available,,,high,high,4,,,,
5f121675-73a0-450d-8504-f43ce5258f89,awry.zone,available,,,high,low,4,,,,
82bac984-ad1c-433e-ad43-8f9ebbed7193,burnished.zone,available,8.98,51.98,high,low,9,namecheap,,,11/08/2026 10:59
f94ce252-db44-4ec4-aa25-8cdfe4caef43,marian.zone,available,8.98,51.98,high,low,6,namecheap,,,24/08/2026 15:53
b71ea20d-f097-4e25-8c53-8f1ca90ce12e,nuclei.zone,available,8.98,51.98,medium,low,6,namecheap,,,
3a44bf82-33f3-4439-a194-fcaac01897ef,legge.zone,available,12.99,38.99,high,low,5,namesilo,,,01/10/2026 22:42
b3c1f9a2-e4da-4b9a-a86b-fb690e1911bd,disappoint.zone,available,12,,high,low,10,unstoppable,,,29/09/2026 14:14
9ae831e4-ecb3-4ef4-ada9-6d800f0874d3,encounters.zone,available,8.24,32.21,medium,low,10,dynadot,,,29/09/2026 17:37
d64e04c7-18aa-46c0-a462-d4a943b38b69,aberrance.zone,available,8.98,51.98,medium,low,9,namecheap,,,16/09/2026 15:12
0185b99b-3099-43af-b39b-9a0a85ba862b,figuring.zone,available,7.96,31.25,high,low,8,spaceship,,,29/09/2026 12:20
90e4f38d-0a6c-42d6-8dd8-e4392c827fc1,toolkits.zone,available,,,high,medium,8,,,,
fe1e8f18-bd28-4fbf-b705-d207bd843baa,legitimatize.zone,available,,,high,high,12,,,,
1f018200-e10b-48a2-a6b1-512f9855dcff,strategi.zone,available,,,high,low,8,,,,
948ac856-ba31-4073-a089-753b86c7c89d,diaphanous.zone,available,8.98,51.98,high,low,10,namecheap,,,12/08/2026 14:26
b16e95a3-f801-404e-8072-894b42033374,baya.zone,available,8.98,51.98,high,low,4,namecheap,,,22/09/2026 17:54
a27480d9-c376-42ec-9d7b-821f4e4106be,caustic.zone,available,8.98,51.98,high,low,7,namecheap,,,
36031494-66ea-422d-863c-1feca888f925,chiaroscuro.zone,available,,,high,high,11,,,,
ed7bbc9e-e471-4993-9759-2565480dde48,judicial.zone,available,8.98,51.98,high,low,8,namecheap,,,22/08/2026 14:14
2db2d2da-ec49-489f-b0a8-fab4d76d8b52,relate.zone,available,8.98,51.98,high,low,6,namecheap,,,07/08/2026 07:03
0bc35608-f5f1-43a7-867e-244e350b6ad8,couchless.zone,available,,,high,high,9,,,,
e55d0895-dcb9-4531-a195-b00b3ce2d89e,countryfolk.zone,available,,,high,low,11,,,,
5b6ab6b6-7382-45aa-9ad9-f258c0a9cfe5,blowback.zone,available,12.99,38.99,high,low,8,namesilo,,,21/09/2026 15:28
c8b8a38a-eea0-43c3-ad5b-ef7696f0c112,overlord.zone,available,12,,high,high,8,unstoppable,,,29/09/2026 02:20
58155148-5ffe-464e-a2a4-08c898b7886e,marjit.zone,available,,,high,high,6,,,,
dd369915-18c7-4766-8d1b-b62d2eb1722c,ntldr.zone,available,,,high,high,5,,,,
009517b1-4702-4536-86c0-e0a71ceaffec,saliency.zone,available,,,high,high,8,,,,
53b42764-a392-4278-bfcf-0cd95006771e,nouns.zone,available,12.99,38.99,high,high,5,namesilo,,,26/09/2026 07:49
740c029c-d71a-45cc-9a4b-4b7beb0d13d9,influencers.zone,available,12.99,38.99,high,high,11,namesilo,,,26/09/2026 06:51
7a1fb466-1584-4d11-bf2f-3d1a687688de,pulled.zone,available,14.99,,high,low,6,name.com,,,
b5a9f19c-b78a-4e48-abc9-1a20eeb877d4,shaikdom.zone,available,,,high,high,8,,,,
fb8b2d52-cbc0-46e6-92d7-2bacf6315f5f,outsides.zone,available,,,high,low,8,,,,
307d5d3a-dd60-4c90-9c6a-d3ec355ed123,shifted.zone,available,8.24,31.41,high,low,7,porkbun,,,29/09/2026 17:17
22053185-697e-49d7-b253-be966fcc8305,prefix.zone,available,7.96,31.25,high,low,6,spaceship,,,30/09/2026 18:23
e0051d58-4974-4c8a-9803-385a41d5e2f0,coones.zone,available,,,high,high,6,,,,
416e360f-d774-47ca-a549-2f5f7f4ad477,conlon.zone,available,,,high,high,6,,,,
cc8de1aa-3406-4f72-b0d2-4718f38d737a,gritty.zone,available,8.98,51.98,high,low,6,namecheap,,,12/08/2026 14:03
3708a8d1-86e0-46d9-8097-d63306da80a3,profiterole.zone,available,,,high,high,11,,,,
895dfaf6-2f2b-4790-8bc2-24a31689f17f,testimonies.zone,available,,,high,medium,11,,,,
88d8bff8-e514-4f3f-8518-daec8761f45c,intergender.zone,available,,,high,high,11,,,,
523502d3-e405-4555-9527-b440b4f69c43,direction.zone,available,8.98,51.98,high,low,9,namecheap,,,29/09/2026 07:46
1509740f-99db-4544-822e-3c5f5c5bbf38,bvi.zone,available,,,high,high,3,,,,
eae0f2a7-a1c9-48fc-8e7f-8778a8d177a9,arbalist.zone,available,12.99,38.99,medium,low,8,namesilo,,,20/09/2026 00:35
aad285dc-2937-43ce-a17c-5debef165687,multivalued.zone,available,,,high,low,12,,,,
3c4861ec-f49b-4816-9058-c4c30007188e,proudest.zone,available,,,high,low,8,,,,
de5cfa1d-2ccb-46e0-a93b-9b04b82e31f7,tabby.zone,available,8.98,51.98,high,low,5,namecheap,,,23/09/2026 09:31
e1302222-4b91-4d59-b786-c6e68899c9e8,wheelbarrow.zone,available,12.99,38.99,high,high,11,namesilo,,,27/09/2026 05:07
53a49a56-2a18-4845-b7d8-f8d8ed7e8243,springlike.zone,available,8.98,51.98,high,low,10,namecheap,,,10/09/2026 16:53
4b57e99c-3d5f-4acd-b029-44f70065b147,casting.zone,available,12.99,38.99,high,low,7,namesilo,,,28/09/2026 08:56
bea8b787-4205-4519-bfe4-9ba3261227b9,constant.zone,available,8.98,51.98,high,low,8,namecheap,,,11/08/2026 23:02
3d85d9c1-06bc-45f1-8d42-c5bbe64ff30a,crystallizable.zone,available,,,high,high,14,,,,
431eb731-de09-40bf-b540-3dfaa165ba40,caches.zone,available,,,high,low,6,,,,
6337847b-f2e2-41fc-b1c5-e78ead6c21ac,uprising.zone,available,7.96,31.25,medium,low,8,spaceship,,,29/09/2026 01:22
11c50f30-cfdc-4531-9590-de84a20dcabf,week.zone,resell,,,high,low,4,"DNSPod, Inc.",20/01/2020 12:31,20/01/2027 12:31,29/09/2026 05:49
ea60b688-6d69-4fc8-bb70-831128a32a5c,drown.zone,available,12.99,38.99,high,low,5,namesilo,,,30/09/2026 18:50
4bba51bb-74c6-4617-93b6-97f149a18fc9,ticklish.zone,available,8.98,51.98,high,low,8,namecheap,,,11/09/2026 15:33
fe4f994d-c1e3-4f79-a672-ba6168778cf0,venetia.zone,available,30.2,30.2,high,high,7,cloudflare,,,30/09/2026 02:18
c505bac1-2848-4ca8-ac1f-7c5cc38f1669,dickensian.zone,available,8.98,51.98,high,low,10,namecheap,,,14/08/2026 06:25
3982ef48-d469-4df7-aa34-a3931e2b0b21,tko.zone,available,7.96,31.25,high,high,3,spaceship,,,02/10/2026 02:28
56134b51-edaa-4c01-874b-598bce9eb6f4,mcnamara.zone,available,12.99,38.99,high,low,8,namesilo,,,27/09/2026 08:09
56c0537d-3bfc-469e-9dad-4664631b6e41,artery.zone,available,12.99,38.99,high,low,6,namesilo,,,20/09/2026 10:30
0cbad5ab-8acc-41ab-9c0d-92ea160955b3,queencraft.zone,available,,,high,high,10,,,,
45179128-d1c8-489b-9a87-bb87a6c785e9,used.zone,available,12.99,38.99,high,low,4,namesilo,,,25/09/2026 07:44
a6aaae70-f3be-48c6-b157-10bc15c6bf0d,isomeric.zone,available,8.98,51.98,high,low,8,namecheap,,,22/08/2026 11:08
018d471d-a554-4de2-8608-e729a532057e,wrapping.zone,available,7.96,31.25,high,low,8,spaceship,,,28/09/2026 20:35
8663771d-9c58-4e12-9222-84978308a46f,rubens.zone,available,,,high,high,6,,,,
5e0d1a99-4a85-4cf1-90d7-28e30532a79d,quietening.zone,available,,,high,high,10,,,,
6805d90d-235d-450b-8f51-096f87c623af,hermann.zone,available,12.99,38.99,high,low,7,namesilo,,,20/09/2026 07:11
1a81196d-12db-4c4f-96b4-2ddeddec3218,corrected.zone,available,12.99,38.99,high,low,9,namesilo,,,23/09/2026 23:45
aebcd64d-f3de-4868-ab61-d96b4762a6bb,doj.zone,available,12.99,38.99,high,low,3,namesilo,,,29/09/2026 12:03
b97360a8-6c69-4534-8ecc-da83b1f2c4d8,kicking.zone,available,12,,high,low,7,unstoppable,,,30/09/2026 01:20
abb7307f-2718-4d1c-be1f-da143b8da35f,ricochets.zone,available,,,medium,low,9,,,,
b3eeba63-dee8-48de-828f-ca84b893114f,selles.zone,available,,,medium,low,6,,,,
170e86b7-f030-41c0-a8b3-75f793f22929,kielce.zone,available,,,high,high,6,,,,
354f4613-5d9c-45b4-a383-048456d389c0,bedcover.zone,available,12.99,38.99,high,low,8,namesilo,,,22/09/2026 22:53
b7204d27-faad-4299-89f2-9a0fd16d1cb3,schnitzel.zone,available,,,high,high,9,,,,
b67cb9a2-6675-4e0f-9aef-886d6402379b,betray.zone,available,7.96,31.25,medium,low,6,spaceship,,,28/09/2026 13:49
d2c6d213-d553-459a-90a7-6f135e904caa,conversion.zone,available,30.2,30.2,high,low,10,cloudflare,,,29/09/2026 06:19
d8aa85a0-30ca-4cba-9251-af4b988f40a2,neuromotor.zone,available,8.98,51.98,medium,low,10,namecheap,,,03/09/2026 16:18
317bac4a-c967-4c95-a341-a8c7e9e32bab,fruiting.zone,available,8.98,51.98,high,low,8,namecheap,,,18/08/2026 17:04
f26f0fb0-21a8-4134-9e16-33bf833a8b26,tomorrows.zone,available,8.98,51.98,high,low,9,namecheap,,,21/09/2026 09:58
e3f49575-fb5b-4967-af77-816f4133c970,musclegirl.zone,available,,,high,high,11,,,,
ea413a17-70a9-4a45-a80e-a19a3ca5aee3,comox.zone,available,,,high,high,5,,,,
3f5056f5-8a79-42e1-a062-de661d7c688e,fuselage.zone,available,,,high,high,8,,,,
7641ef4b-8a26-4745-94cd-9e58b5953e47,nubile.zone,available,8.98,51.98,high,low,6,namecheap,,,24/08/2026 16:30
ef0a50fa-abc7-4d81-b096-180958ea696b,beautifier.zone,available,,,high,high,10,,,,
2a6f359b-b86c-461e-a2e3-b0fd136fe5a6,scentable.zone,available,,,high,high,9,,,,
797eb330-3159-4d3e-b08e-1fd3bd6b08b6,underling.zone,available,8.98,51.98,high,low,9,namecheap,,,11/09/2026 00:39
6daa289d-ca1e-4eb3-a909-9a5cf759be6a,anticipated.zone,available,8.98,51.98,high,low,11,namecheap,,,08/09/2026 14:34
1dd714b7-7455-4059-a454-535c5c1d6b71,sharma.zone,available,12.99,38.99,high,low,6,namesilo,,,28/09/2026 03:27
3863d911-4559-413e-9e84-5a1e68fcb160,acedia.zone,available,12.99,38.99,medium,low,6,namesilo,,,16/09/2026 23:26
7ad6bf94-da1c-4139-be00-59125a8c702b,sunbath.zone,available,,,high,medium,7,,,,
b813da46-4d67-4ee4-a325-6d49d017e3c1,compactor.zone,available,,,high,high,9,,,,
014177ed-2ef3-4c24-847d-2bbb7baa058f,epicurean.zone,available,8.98,51.98,high,low,9,namecheap,,,17/08/2026 10:40
653b8ac7-a348-4edb-b298-864eeb6ee2ae,mothers.zone,available,12.99,38.99,high,low,7,namesilo,,,18/09/2026 06:34
75b8800f-5c89-45aa-b27c-ab498a160ea0,godly.zone,available,8.98,51.98,high,low,5,namecheap,,,14/08/2026 13:55
c52e5fd8-513d-4683-8dc0-5245d2f0599d,pesos.zone,available,7.96,31.25,medium,low,5,spaceship,,,30/09/2026 06:56
805de4df-09ca-44e3-878e-e4cb3a52cd5f,rebranding.zone,available,12.99,38.99,high,high,10,namesilo,,,27/09/2026 05:22
e75b5215-212d-468f-98db-0d28f867a908,cult.zone,resell,,,high,medium,4,Dynadot Inc,24/01/2026 17:00,24/01/2027 17:00,26/09/2026 05:22
4f83ac2a-56ae-4f1b-8ead-6fffb07566da,seawalls.zone,available,,,high,low,8,,,,
6533ec8a-7f0e-4e0e-8f44-e7a20e7213dd,disturbed.zone,available,8.98,51.98,high,low,9,namecheap,,,11/08/2026 01:48
39fc64fa-49f7-42e1-ab98-50157eff2c73,abampere.zone,available,12.99,38.99,high,low,8,namesilo,,,16/09/2026 13:54
6a3e6de8-2ae4-4ec0-bf03-05b05c388009,diligent.zone,available,12.99,38.99,high,low,8,namesilo,,,24/09/2026 08:25
1c36f132-c1e2-406d-9f18-972d2b8b8134,panglossian.zone,available,,,high,high,11,,,,
82b51c78-8b9d-4c89-aacb-fbdd518a8b74,conservation.zone,available,12,,high,low,12,unstoppable,,,29/09/2026 23:26
a6449cdc-be66-44e5-8429-04b91bad3e35,lincolnshire.zone,available,7.96,31.25,high,low,12,spaceship,,,28/09/2026 11:48
412e41e6-c5a7-4ac6-b7ae-27d7724e7ac2,johan.zone,available,8.24,32.21,high,low,5,dynadot,,,27/09/2026 18:44
0e992414-f60a-4323-957a-8bdda2a25c82,canulate.zone,available,,,high,high,8,,,,
03fbff68-7cb3-49de-95d9-36b6b704a46d,animateness.zone,available,,,high,low,11,,,,
a206c8c0-efba-4757-b43f-9d877fe5f767,kerfluffles.zone,available,,,medium,low,11,,,,
ad6d7308-b7ee-4ec9-9111-bf684b31020e,crowdsourcing.zone,available,,,high,medium,13,,,,
5585c8fe-9331-4047-9acd-f701adeaba62,nonexempt.zone,available,8.98,51.98,high,low,10,namecheap,,,03/09/2026 19:09
52254641-2c50-4bc8-8ba5-84c1ce76b115,har.zone,available,12.99,38.99,high,low,3,namesilo,,,29/09/2026 03:11
6e2448ba-de4d-4a05-823e-5c5dfbe01f76,springy.zone,available,8.98,51.98,high,low,7,namecheap,,,10/08/2026 21:49
e5fb4117-4cb1-430e-9442-93af467aaf47,swad.zone,available,,,high,high,4,,,,
c74e98c0-323e-4267-9917-fe877b11c202,thundering.zone,available,8.98,51.98,high,low,10,namecheap,,,11/09/2026 15:14
74792bb2-23a9-48b4-b6f3-da5800f476ed,telecon.zone,available,,,high,high,7,,,,
e35f6114-cc58-4bf0-b002-5a8f91b3070d,submerged.zone,available,8.98,51.98,high,low,9,namecheap,,,10/09/2026 23:30
d9e980ed-6c00-4ab8-8f62-eb6879d3bf77,rifted.zone,available,,,medium,low,6,,,,
0b40b6db-9329-4582-8111-a30f321acb12,diagnosed.zone,available,12.99,38.99,medium,low,9,namesilo,,,28/09/2026 23:36
e6d13012-92f5-49d6-961a-ce1f06f6d89c,busybody.zone,available,,,high,high,8,,,,
219fcef7-1d86-43fb-bd08-1a07a8bea52a,unplugged.zone,available,,,high,medium,9,,,,
23810bfd-1063-46d9-aef5-85b6a1068062,broward.zone,available,12,,high,low,7,unstoppable,,,29/09/2026 22:39
f8aafda6-b22c-479c-9a25-af8703cf1091,lsu.zone,available,12,,high,low,3,unstoppable,,,28/09/2026 21:28
530a254b-bfd3-4df5-83b3-66484415657c,sgt.zone,available,8.98,51.98,high,low,3,namecheap,,,27/09/2026 06:19
89f09ea3-5a0f-4310-8459-c7a695fe24db,telescopii.zone,available,,,medium,low,10,,,,
8e84d794-cee0-4744-8160-275cf05975bc,baler.zone,available,,,high,high,5,,,,
8fb32732-9764-4bf3-a3ae-6294bc39cbcc,insurmountably.zone,available,,,high,high,14,,,,
b5cf8f0e-f05e-454c-8d56-8511574b4b69,whitecup.zone,available,,,high,high,8,,,,
f2f2b2da-b3bc-45f8-9623-c686bb188bea,neurotoxic.zone,available,8.98,51.98,medium,low,10,namecheap,,,03/09/2026 16:25
fcc74932-420d-440e-bd86-7a19f8058d7e,krishna.zone,available,7.96,31.25,high,low,7,spaceship,,,29/09/2026 07:26
f2e699c0-c557-4373-b837-9cb23c6f53f4,polyurethane.zone,available,8.24,32.21,high,high,12,dynadot,,,02/10/2026 02:19
44fa05b6-54ee-48fa-b748-caa8d87178cc,lordstown.zone,available,,,high,high,9,,,,
a83a706b-0446-4747-bba0-cd2e8ff5e814,subtil.zone,available,,,high,high,6,,,,
81cedee6-9b50-4870-baf8-a66d6b4e2729,cheerfully.zone,available,30.2,30.2,high,low,10,cloudflare,,,28/09/2026 13:48
dbbfadd9-2178-48c0-bbe5-4431d9fc0fad,kiska.zone,available,,,high,high,5,,,,
9b7db3a2-5fb8-4803-b929-3305e16a73c9,moneybags.zone,available,,,high,medium,9,,,,
e00d97d1-997d-431f-9f89-da8ff4f091b6,neighbour.zone,resell,,,high,low,9,Dynadot Inc,29/09/2024 08:07,29/09/2027 08:07,30/09/2026 05:34
eefbeec5-55ad-4abe-926d-b6f5c0148049,nunthorpe.zone,available,,,high,high,9,,,,
bdd2acbd-887c-4311-9ce9-7c306a69990b,coneflowers.zone,available,,,medium,low,11,,,,
ad8579bf-4a37-448c-a271-b35b830ef448,haircolor.zone,available,,,high,high,9,,,,
352d0823-4929-46a3-8189-e8fe16a02fb9,tamarack.zone,available,8.98,51.98,high,low,8,namecheap,,,18/09/2026 20:18
07d5196e-a87c-45d8-9097-3fb3ed1cd383,elks.zone,available,,,high,high,4,,,,
9530d743-e163-4da7-a517-49c5b5267621,epiracy.zone,available,,,medium,low,8,,,,
94ecbf33-6c23-449f-bf11-a4bf94f70b02,photobomb.zone,available,,,high,high,9,,,,
b47b0ef5-c9b0-4b6b-91aa-0812a8294646,lieu.zone,available,12,,high,high,4,unstoppable,,,01/10/2026 02:23
ac67c07b-8ba4-473a-9c60-ce58c79fb573,regarding.zone,available,8.98,51.98,high,low,9,namecheap,,,27/09/2026 06:20
fa21f519-1695-4377-9723-93d6a0d23f39,lamaism.zone,available,,,high,high,7,,,,
9a068f65-324b-4bb7-8a88-f815e4606991,unbalanced.zone,available,8.98,51.98,high,low,10,namecheap,,,11/08/2026 01:50
2ae89238-edf7-4763-8327-594c33ec4e6f,rousseauan.zone,available,,,high,medium,10,,,,
51e14697-ab76-4c0a-902e-fe505928a2db,dolphins.zone,available,7.96,31.25,medium,low,8,spaceship,,,28/09/2026 18:14
439d9e5a-12bb-4a93-a32c-b236bbaa3792,voltmeter.zone,available,,,high,high,9,,,,
e16e2367-34f1-4761-8ea1-d1ae2d4c055d,meteorite.zone,available,,,high,high,9,,,,
8e04fd12-bdcb-4dd9-adae-3f1c4e779ffc,alphabetiform.zone,available,,,high,high,13,,,,
5fd8ebb8-ead0-4bc6-b50f-263e40661984,transcendent.zone,available,7.96,31.25,high,high,12,spaceship,,,02/10/2026 02:28
7b56b722-46af-4767-b859-bc248fd16c6c,successor.zone,available,8.24,32.21,high,low,9,dynadot,,,30/09/2026 12:13
582abc18-5f1d-41d7-a004-d018e88e9583,elderberry.zone,available,12.99,38.99,high,low,10,namesilo,,,24/09/2026 00:39
bccc26a8-9350-46bf-9136-24714c05459a,soupspoon.zone,available,,,high,high,9,,,,
b0a743c5-7ef0-4e43-a80c-314a9473a358,fraternally.zone,available,,,high,high,11,,,,
408b2c69-bf9b-405d-9ef3-5c88add04920,skimboarder.zone,available,,,high,high,11,,,,
8febbdd8-e944-4f9b-a2d0-e6a1604af175,premise.zone,available,8.98,51.98,high,low,7,namecheap,,,20/09/2026 16:37
2e2f50e9-502f-4611-a0cd-f09f29d8ad19,homeopathic.zone,available,8.24,31.41,high,high,11,porkbun,,,01/10/2026 02:20
9579d0dc-5109-424d-92ce-9ed12ace468b,pot.zone,premium,1040,1040,high,low,3,namecheap,,,25/09/2026 20:52
3ff532ab-3a9c-41fc-8638-736e49b81119,shoebird.zone,available,8.98,51.98,medium,low,8,namecheap,,,21/09/2026 20:37
a90d3c18-7b42-42b9-a406-6646f60f7090,radios.zone,available,12.99,38.99,high,low,6,namesilo,,,18/09/2026 23:09
7be736be-12f6-4370-9f44-a1146d9011b9,mincer.zone,available,,,high,high,6,,,,
967782ed-cb0a-4152-ac38-ac0a191aa10c,catholicism.zone,available,8.98,51.98,high,low,11,namecheap,,,17/09/2026 00:07
e55c9dec-83e2-4042-ac37-fe045314ac2d,lots.zone,available,7.96,31.25,high,low,4,spaceship,,,28/09/2026 11:29
ffc4ce17-9fde-4e3f-a653-497a05ace901,kerbstones.zone,available,,,medium,low,10,,,,
54be4987-4cf7-4a49-a662-afd49a8993cb,ordre.zone,available,,,high,high,5,,,,
d22a502b-0195-4bdf-9638-eb67ec58b51c,counted.zone,available,14.99,,high,low,7,name.com,,,
d490c7ff-a728-4a5f-9f33-6df2994b41c2,selfenclosed.zone,available,,,medium,low,13,,,,
117d1903-74a2-43cb-bb8a-3438f09fea66,resumed.zone,available,12.99,38.99,high,low,7,namesilo,,,18/09/2026 02:30
cae58a63-a30d-41cd-b772-ae3c24237f62,telepathic.zone,available,8.98,51.98,high,low,10,namecheap,,,11/09/2026 10:18
b17aec16-8388-40b8-8b13-051affedb78c,siberian.zone,available,14.99,50.99,high,low,8,name.com,,,27/09/2026 21:41
c04c5da0-857f-4aa7-9724-e9c281725d19,preprinted.zone,available,,,medium,low,11,,,,
9677683c-94f7-47c2-bb42-b34621f65917,braden.zone,available,12,,high,low,6,unstoppable,,,01/10/2026 18:20
7ec84ed1-c83f-44c5-bb05-a33db24e37db,ferny.zone,available,8.98,51.98,high,low,5,namecheap,,,18/08/2026 02:00
1680ceb8-2476-4ce2-a734-f0c8b8e78d9e,recesses.zone,available,,,medium,low,8,,,,
fb457998-0169-4272-81fa-33a7c78f8889,fortunes.zone,available,12,,medium,low,8,unstoppable,,,29/09/2026 05:22
20da5c30-d74c-4fe5-83a5-95d640c93aaf,cardiff.zone,available,7.96,31.25,high,low,7,spaceship,,,28/09/2026 01:26
fdcce3bd-cf0f-4e0a-a54a-b5b0e530e141,familiar.zone,available,12.99,38.99,high,low,8,namesilo,,,24/09/2026 16:30
ad3b9627-05d9-4f1a-9e47-fd016699e233,andantino.zone,available,8.98,51.98,high,low,9,namecheap,,,
5598f0f4-6517-4630-9409-a92029274ea0,nicholls.zone,available,12,,medium,low,8,unstoppable,,,28/09/2026 16:37
b716f6a7-ee1b-4771-8ac3-585d0791b227,variability.zone,available,,,high,low,11,,,,
1e3dac6a-e613-4fd9-b3f6-5a2bd77e4a09,passage.zone,available,30.2,30.2,high,low,7,cloudflare,,,27/09/2026 13:23
27bb66ec-abbb-46a0-aed0-4576292bf22b,lakewood.zone,available,8.98,51.98,high,low,8,namecheap,,,28/09/2026 16:53
76dfca08-4b93-446e-ba8c-1d341e6b4b5d,berezina.zone,available,,,high,high,8,,,,
38093fda-b78d-4252-a05a-4dff55a241b9,contour.zone,available,8.98,51.98,high,low,7,namecheap,,,24/09/2026 17:43
e90434bb-f4ee-432d-99d6-58df1c30f3b0,bailiff.zone,available,14.99,50.99,high,low,7,name.com,,,21/09/2026 19:06
0010d335-5a57-41ae-918f-24a215ce9f2b,ami.zone,premium,38.94,38.94,high,high,3,namesilo,,,27/09/2026 05:56
553fa709-052f-4608-a54a-b04c98c46681,queene.zone,available,,,high,high,6,,,,
13510a95-8106-444c-8f1b-f317bd53db39,necklacing.zone,available,,,high,high,10,,,,
ca5714da-4022-4ba1-8f3b-f81c432f2871,acutely.zone,available,,,high,medium,7,,,,
76f94a83-02a8-402e-89ce-a15d8bf737a4,spellings.zone,available,,,high,low,9,,,,
b155741c-35e2-4fa0-aa0c-292d64313591,conspicuously.zone,available,,,high,high,13,,,,
4c81ced0-c86e-49a6-8500-3644aae54601,staunch.zone,available,8.98,51.98,high,low,7,namecheap,,,10/09/2026 19:22
65272fc6-ac55-4af0-a932-adb0095f0703,subways.zone,available,,,high,low,7,,,,
e3f4dd2e-9c86-456b-9da5-5077f70c7ad5,hype.zone,resell,,,high,medium,4,"DNSPod, Inc.",28/07/2025 15:15,28/07/2027 15:15,29/09/2026 00:50
7e8d3187-eb7b-41ae-b6d9-1f4ce350ceb3,sunbathing.zone,available,,,high,low,10,,,,
a64375ef-68d3-43e7-9b60-1ce7bc0321c1,mellowly.zone,available,8.98,51.98,medium,low,8,namecheap,,,24/08/2026 19:31
cc046488-6563-48a8-a525-480745cb0347,alloy.zone,available,14.99,50.99,high,low,5,name.com,,,17/09/2026 09:02
881ef349-01a0-4eb4-b059-f2a5c75fca5f,soothsayer.zone,available,,,high,high,10,,,,
9b26b420-950c-4ed7-82f9-b7b1279314ce,exception.zone,available,7.96,31.25,high,low,9,spaceship,,,29/09/2026 18:20
95c1feb4-d99f-48ac-9a43-3bdb5bb4ed47,layne.zone,available,,,high,high,5,,,,
63d7889b-fd30-4047-88d1-42a9a355448f,smithereen.zone,available,,,high,high,10,,,,
ddb66811-69da-4d73-bff9-cf52d4e27c3a,bakers.zone,available,,,high,high,6,,,,
7917a277-7502-46e2-a8a4-af58136a4b79,assistants.zone,available,12.99,38.99,medium,low,10,namesilo,,,29/09/2026 05:42
beef5096-3660-44b4-b2f9-a7ed39644d13,spokeswomen.zone,available,,,medium,low,11,,,,
af21aa7f-be51-4738-8bda-e6f0328c0b36,confession.zone,available,12,,high,low,10,unstoppable,,,29/09/2026 10:52
5facf044-5e5f-45bf-920a-ef5021bfd308,modeller.zone,available,12.99,38.99,high,low,8,namesilo,,,30/09/2026 04:47
4baf3af2-d054-441b-9098-84740855a2fb,leanne.zone,available,,,high,high,6,,,,
6cd85023-391d-4d5e-af3f-d1c983d7119a,superorder.zone,available,,,high,high,10,,,,
b543e5d8-8b9b-4fec-9779-635eeb5451aa,confessor.zone,available,7.96,31.25,high,high,9,spaceship,,,28/09/2026 02:16
5f3b8289-caf7-4739-bca0-ea423c53ea43,greenway.zone,available,12.99,38.99,high,low,8,namesilo,,,29/09/2026 10:16
df886fb9-c9f3-4a46-8fcc-089914e9042c,foliage.zone,available,12,51.98,high,low,7,unstoppable,,,30/09/2026 01:40
240b236f-8e2b-42dc-ba39-f50a80e0a02d,silhouettes.zone,available,12.99,38.99,medium,low,11,namesilo,,,20/09/2026 11:57
ed9fa8b4-f1d2-4693-b9b7-be13e332fef0,leetspeak.zone,available,,,high,high,9,,,,
56287930-8b42-4e1f-b089-3155e53272b6,hairdressing.zone,available,,,high,low,12,,,,
eb0f0a95-f9f4-411e-84c6-2853a0c89d30,awhile.zone,available,12,,medium,low,6,unstoppable,,,28/09/2026 13:12
d2d59bc0-0a2f-4203-b7a3-6fd5d25c1b9d,skittering.zone,available,,,high,high,10,,,,
70e8c730-ba6f-4c81-a9af-01da844bfada,ennead.zone,available,8.98,51.98,high,low,6,namecheap,,,
c60e410d-398f-44e9-948e-92b41fda166b,protean.zone,available,8.98,51.98,high,low,7,namecheap,,,09/09/2026 04:06
485e7cb2-d10c-4593-8694-22af43bc3023,enjoin.zone,available,,,high,high,6,,,,
29e8ba55-081f-4196-bb47-38e63b46e579,milkfish.zone,available,,,high,high,8,,,,
0075ce93-6bde-44e2-8be2-c601b25f0124,carbonate.zone,available,8.98,51.98,high,high,9,namecheap,,,30/09/2026 02:22
56c20270-77c3-4fea-b049-1674f69a30b3,polaroid.zone,available,8.98,51.98,high,high,8,namecheap,,,27/09/2026 06:08
5a2e9579-2e05-4d48-9078-f4744e920f4c,risque.zone,available,8.98,51.98,high,low,6,namecheap,,,18/08/2026 20:02
c65b8a4d-e110-4a92-93a1-051d40b41012,unconstrained.zone,available,,,high,high,13,,,,
a00e49fc-e6ba-4dbb-aaaa-116d670b1257,defeats.zone,available,30.2,30.2,medium,low,7,cloudflare,,,30/09/2026 15:35
f9a2086c-2a51-4133-8902-a88da61c89fb,tastiness.zone,available,,,high,high,9,,,,
987988ed-b314-4abc-8338-b3625d6a50b0,belting.zone,available,12.99,38.99,high,low,7,namesilo,,,23/09/2026 07:06
2636ec81-0827-400a-8b92-a84dd55560c0,founded.zone,available,12,38.99,high,low,7,unstoppable,,,28/09/2026 21:04
8b69f196-f1f3-49a3-b407-7ab360855f04,semiotical.zone,available,8.98,51.98,medium,low,10,namecheap,,,10/09/2026 03:15
6a28b758-e026-44e1-9009-85159c3f2e76,midthorax.zone,available,,,medium,low,9,,,,
2125c75a-5bbc-4da9-bad7-5caf3868e349,fizzle.zone,available,8.98,51.98,high,low,6,namecheap,,,11/08/2026 11:19
2a0d7c06-c8de-4130-8284-6d1ffb5646bc,untied.zone,available,8.98,51.98,high,low,6,namecheap,,,12/09/2026 05:00
73f3a6d5-ce66-457a-bb75-1ebf257ffa27,workmen.zone,available,,,high,low,7,,,,
ac1c4372-c805-4a3b-aed0-300356c56be8,andvari.zone,available,12.99,38.99,high,low,7,namesilo,,,19/09/2026 05:02
da7bdc7e-15a7-4bbc-b73b-ae8cf062c014,amiss.zone,available,8.98,51.98,high,low,5,namecheap,,,
5da628f4-a876-4360-8f7f-8b7884ca46eb,universities.zone,available,7.96,31.25,medium,low,12,spaceship,,,28/09/2026 08:47
520b7170-83a5-4e8b-99f4-8610edf71ac0,condyloma.zone,available,,,high,low,9,,,,
7b074a10-e7ec-4a7c-92d6-e92cee2f0ed2,refold.zone,available,,,high,high,6,,,,
161a8483-34d8-4e20-ba69-cc7b7781a65c,chamfer.zone,available,12.99,38.99,high,low,7,namesilo,,,23/09/2026 12:00
c3751004-11b9-44df-a755-7c71cc41d9d3,reclarify.zone,available,,,high,high,9,,,,
c5074ff2-7067-4f5a-85d0-1d10faa3e552,achieving.zone,available,8.24,32.21,high,low,9,dynadot,,,30/09/2026 19:23
d45b57e2-8813-4e38-8618-987da729019e,impertinent.zone,available,,,high,high,11,,,,
446d3b82-2980-4264-b423-723903447382,harkness.zone,available,8.98,51.98,high,low,8,namecheap,,,30/09/2026 05:36
e67c9ea8-eded-43f6-82cf-2c727bcba785,reissuing.zone,available,,,high,high,9,,,,
1ba498ff-e344-4ccd-b364-fa8d93ad5add,physiological.zone,available,7.96,31.25,high,low,13,spaceship,,,29/09/2026 20:58
bcdf7f4c-6820-4a59-ad4a-f8e6134c07dc,midurethral.zone,available,,,high,low,11,,,,
fd3b586b-6f53-4e7d-9334-5a89d17c0466,vicki.zone,available,12,,medium,low,5,unstoppable,,,29/09/2026 04:00
71f942c0-6ddc-424b-bc56-e11aa2d4e432,grandaunts.zone,available,,,medium,low,10,,,,
c14b949d-2024-4218-a8c6-2ed38c4d41ec,girlhood.zone,available,,,high,high,8,,,,
de40d839-3290-40f5-9b1c-db085aa59ada,mohamed.zone,available,12,,high,low,7,unstoppable,,,28/09/2026 04:07
10b98da7-53cc-4966-9c7f-92569999cd24,dreamlet.zone,available,,,high,high,8,,,,
308b55e8-a50e-4176-868a-7773c5eed902,arabesque.zone,available,8.98,51.98,high,low,9,namecheap,,,19/09/2026 23:28
6b79082a-b61f-4e2a-bb93-a7eaea70bba4,mashup.zone,available,30.2,30.2,high,high,6,cloudflare,,,29/09/2026 02:18
697a8123-c696-4caa-abe6-3ad7f014586b,piousness.zone,available,,,high,high,9,,,,
c733489c-f8c3-4e54-b602-1d8d9c7b8030,congreve.zone,available,,,high,high,8,,,,
e60251e7-85b4-4710-b860-7ff0a84a299a,fatal.zone,available,12.99,38.99,high,low,5,namesilo,,,23/09/2026 12:24
9e197f00-1db0-4a2f-a47e-ee1fb633c0c6,eek.zone,available,,,high,high,3,,,,
2f0033d3-327a-4f56-bf85-3ddd17c0d77d,thermic.zone,available,8.98,51.98,high,low,7,namecheap,,,11/08/2026 15:05
3859836c-79ef-4eed-8bd8-295120fdcff1,dialog.zone,available,12.99,38.99,high,low,6,namesilo,,,24/09/2026 22:13
79d9ab81-ce1c-434f-b9ce-47e940dc2bc2,recycling.zone,available,30.2,30.2,high,low,9,cloudflare,,,28/09/2026 20:17
0cc0257b-ff6a-4a0b-93b8-7461db9f8480,freuchie.zone,available,,,high,high,8,,,,
9aa8f649-517f-4014-b07f-8184d062ddf5,pursemaking.zone,available,,,high,low,11,,,,
b8428cfc-b1c4-4834-9805-b3fbbba16fb7,unsent.zone,available,8.98,51.98,medium,low,6,namecheap,,,12/09/2026 19:18
080588bc-1347-4547-a45e-beb285005ba8,paradoxial.zone,available,,,high,high,10,,,,
b0d67a17-2364-4ef6-9cb6-7a5f325473a5,nonsmoker.zone,available,,,high,high,9,,,,
4aa64a4e-1a35-4869-b737-8cd8acb238d9,telekinetics.zone,available,,,high,low,12,,,,
57959d75-6de0-4b6a-8835-f7ccabb44db9,dedham.zone,available,7.96,31.25,high,low,6,spaceship,,,29/09/2026 22:43
b2b124d1-ecbf-4352-b571-7e364b787d0a,smokescreen.zone,available,,,high,high,11,,,,
af4d3441-db41-44ca-905b-2d8faefc301f,phenylpropanoid.zone,available,,,high,high,15,,,,
6bb11d25-20ac-4920-a4d2-b9eb79de231f,shouter.zone,available,12.99,38.99,high,low,7,namesilo,,,22/09/2026 17:05
7301be9a-5ed9-49ed-a2ac-9b0a59af04d1,junkyard.zone,available,,,high,high,8,,,,
cdfe5d9c-ce60-414a-9b07-ee13878b451e,westlock.zone,available,,,high,high,8,,,,
34a21303-9a24-4cb2-8f81-98f40b6bc316,supershow.zone,available,,,high,high,10,,,,
681fbc26-600b-473b-b012-f18f22425bdc,bottomfeeders.zone,available,,,low,low,14,,,,
516da535-7a9a-435c-90a7-9e13cf091d22,downpour.zone,available,12.99,38.99,high,low,8,namesilo,,,24/09/2026 16:02
7b548dc8-dbdb-44a3-b174-a3d5cf6cb40c,freeda.zone,available,,,high,high,6,,,,
e1830314-dbf3-46d1-9fa3-32ba667e2a35,ambulant.zone,available,8.98,51.98,high,low,8,namecheap,,,
284b780d-5f1e-47d0-8a34-b176721cbc5c,theodore.zone,available,30.2,30.2,high,low,8,cloudflare,,,29/09/2026 02:58
fcc513cc-c75c-4d80-b166-15ead74c01fc,sparklers.zone,available,,,high,low,9,,,,
339fefc4-c2c2-46f2-8888-99d6f55e250e,jewel.zone,resell,,,high,low,5,"DNSPod, Inc.",14/05/2023 15:15,14/05/2027 15:15,30/09/2026 00:50
04c18e48-aeae-49f6-b355-58259aa7783a,hearn.zone,available,12,,high,low,5,unstoppable,,,29/09/2026 15:40
6cd94baf-a97d-49f1-bcf0-4d5e74e186d3,concealed.zone,available,8.98,51.98,high,low,9,namecheap,,,23/09/2026 18:33
7c6fe5c7-9914-439c-b137-40383b5645c8,baroness.zone,available,12.99,38.99,high,low,8,namesilo,,,22/09/2026 07:21
b475af97-8614-4974-9e0e-0df3a8590e55,tashkent.zone,available,12.99,38.99,high,low,8,namesilo,,,24/09/2026 12:32
b0408d8f-2140-4cb8-b898-78f477b49c5c,bud.zone,available,8.98,51.98,high,low,3,namecheap,,,29/09/2026 04:58
4d7a901a-173b-4ee1-9122-3ee92cc28ff1,revolves.zone,available,12.99,38.99,medium,low,8,namesilo,,,02/10/2026 03:02
2d4a29cc-902c-403d-82e6-c86846e51bd0,seles.zone,available,,,high,high,5,,,,
e388a29c-f78c-4055-bc86-2b5d1b784d4c,fowski.zone,available,,,high,high,6,,,,
4d6059b5-4611-4635-bb6e-ca297542f500,watcher.zone,available,12,,high,high,7,unstoppable,,,30/09/2026 02:19
5c794ea3-69ca-4c38-9210-b24ec518b2f2,balancer.zone,available,8.98,51.98,high,low,8,namecheap,,,21/09/2026 20:52
260a70fc-d5c4-43b4-872c-42b001e8561d,savannas.zone,available,,,medium,low,8,,,,
734878f5-0ffe-4fce-9d17-020b7c6611c4,cea.zone,available,12,,high,low,3,unstoppable,,,29/09/2026 17:12
4852a82e-5eed-445d-bf9e-31a090ec76b5,snore.zone,available,7.96,31.25,high,low,5,spaceship,,,30/09/2026 11:22
075721a1-e5c8-422b-83b6-9821635c3b1a,sublicenses.zone,available,,,medium,low,11,,,,
5073b605-f76c-4937-9792-67c2e18f77ed,redheaded.zone,available,,,high,medium,9,,,,
36b2f66a-c456-40b3-833b-4526b44f7194,forthrightness.zone,available,,,high,low,14,,,,
cd53a924-44fa-432c-b1cf-f00bb797902e,bias.zone,available,8.98,51.98,high,low,4,namecheap,,,09/08/2026 18:35
0ff47342-aa39-410c-9b9a-7b57b239f60c,nrsv.zone,available,,,high,high,4,,,,
fa4ebff9-ae5f-408d-95b7-3fa522740af7,bolero.zone,available,,,high,high,6,,,,
eea47288-6dfb-4875-bed1-2c08e08c886e,rifle.zone,available,12.99,38.99,high,low,5,namesilo,,,27/09/2026 04:01
6068fa06-c9f5-4e8b-80a1-ba789c3401db,windshield.zone,available,12.99,38.99,high,low,10,namesilo,,,29/09/2026 14:08
fe974da7-2d0a-4cc5-8ef6-1584d6cba7d8,antrum.zone,available,12.99,38.99,high,low,6,namesilo,,,19/09/2026 15:46
e7459a49-6555-42fd-abb5-9479f1175890,inviolateness.zone,available,,,medium,low,13,,,,
64e8ac55-8fad-43eb-90d0-233fc2bc085f,impala.zone,available,12.99,38.99,high,low,6,namesilo,,,17/09/2026 12:44
c8d23ddb-9dba-4a08-baa7-00a23b189f20,diversify.zone,available,7.96,31.25,high,low,9,spaceship,,,30/09/2026 16:21
068a9ba8-8058-4f6b-8b78-bffa71cb8da7,sheepherding.zone,available,,,high,high,12,,,,
bcba5c27-63ec-41a3-a988-f7d10ffd0792,tamer.zone,available,,,high,high,5,,,,
beb996d7-dab3-491f-bcaf-a1c699cce6c1,updatable.zone,available,,,high,high,9,,,,
fc061b63-1277-4f2a-acaa-ffc53f616fd1,arcsec.zone,available,12.99,38.99,high,low,6,namesilo,,,20/09/2026 01:25
65754e13-3038-41bd-97f2-481795b1036a,maui.zone,available,12.99,38.99,high,low,4,namesilo,,,28/09/2026 02:23
90b96d11-6d4c-4c02-a2a7-1ebda067cfe9,hunks.zone,available,,,high,high,5,,,,
47d496c4-6fa4-4c47-b022-338913dfea7a,junta.zone,available,,,high,high,5,,,,
44e640fa-a949-4883-b090-49c094a27a5c,verdure.zone,available,,,high,high,7,,,,
ddb2d897-631e-465b-83cb-d1b97b981368,unshod.zone,available,8.98,51.98,high,low,6,namecheap,,,14/08/2026 09:48
ae7677a4-a20a-487b-a1e3-f70844dc8a68,playball.zone,available,12.99,38.99,high,high,8,namesilo,,,27/09/2026 05:28
08ec87a9-6948-4708-8087-8cf9a432f106,avicennia.zone,available,12.99,38.99,high,low,9,namesilo,,,21/09/2026 09:24
1b07800f-e8e4-4135-acca-f6c7669304d1,governable.zone,available,8.98,51.98,high,low,10,namecheap,,,12/08/2026 23:44
1c2bcbb9-1cc4-40a6-aa71-970a3d205200,nephew.zone,available,30.2,30.2,high,low,6,cloudflare,,,30/09/2026 05:35
4c384705-54fe-40c8-8460-9b9959f1f5af,astrogator.zone,available,12.99,38.99,high,low,10,namesilo,,,20/09/2026 17:41
1a46e256-f63c-42c8-945f-8db623d03368,browallia.zone,available,,,high,high,9,,,,
a2081b67-4c8d-4ba3-a200-ba953d86ba90,nobleness.zone,available,,,high,high,9,,,,
63e9d184-7932-4969-ae85-371fcb313661,neurologist.zone,available,12,,high,high,11,unstoppable,,,02/10/2026 02:16
c7dd6daf-7f2a-4722-abbb-f3c982c93158,crowning.zone,available,30.2,30.2,high,low,8,cloudflare,,,01/10/2026 22:58
bf15faff-3d1a-42bb-b206-280f4782b8ae,lightliness.zone,available,,,high,high,11,,,,
3006f5e9-e0ff-4b92-9d07-8c224083bfc4,tarawa.zone,available,8.98,51.98,high,low,6,namecheap,,,21/09/2026 19:26
46896608-12df-4925-aab5-36b7602aa86b,acquitted.zone,available,8.98,51.98,high,low,9,namecheap,,,
adc10381-e194-4e73-b5b4-e5a39458d0a9,departmental.zone,available,12.99,38.99,high,low,12,namesilo,,,30/09/2026 14:39
8e57e1a6-0d19-4032-998f-acff517a44c6,decorative.zone,available,8.98,51.98,high,low,10,namecheap,,,13/08/2026 02:51
08b05942-e56b-4f6a-8396-68a70604f413,articulatability.zone,available,,,medium,low,16,,,,
a2d64853-fb67-4431-ae4c-fd2580c66282,summing.zone,available,,,high,medium,7,,,,
8b718356-117b-43a0-a98a-d3f1defb9e1b,hectometer.zone,available,,,high,high,10,,,,
4ba58343-6cfb-4270-9110-faa6fd1336a6,pug.zone,available,12.99,38.99,high,high,3,namesilo,,,25/09/2026 13:14
c613a169-c932-4268-8473-b35b51d078c5,olfactive.zone,available,8.98,51.98,medium,low,9,namecheap,,,04/09/2026 02:13
a81e5825-8d68-47c5-a53f-d8db63d2ee36,ranged.zone,available,12.99,38.99,high,high,6,namesilo,,,27/09/2026 05:22
90655106-64db-45da-9e6d-14f6cc5bccaf,beauvoir.zone,available,12.99,38.99,high,low,8,namesilo,,,22/09/2026 22:24
394e9896-d31f-4ec4-846d-4e6bbc1df7cd,dissociate.zone,available,8.98,51.98,medium,low,10,namecheap,,,14/08/2026 11:11
9f1ed594-1dfb-46bf-a880-3bb9fbc44b8c,unsurpassably.zone,available,,,high,high,13,,,,
8ebc0c13-a18c-4c22-9015-aff5b9b55386,localisations.zone,available,,,medium,low,13,,,,
fa1a57e4-c6e5-4a87-9bf7-a2945723bb6a,childproof.zone,available,,,high,high,10,,,,
5147ebd1-c4bf-4183-8d7a-7ecca1ff41df,itemise.zone,available,,,high,high,7,,,,
4569c254-d936-4a6c-b426-d16ad0e30d53,forking.zone,available,8.98,51.98,high,low,7,namecheap,,,11/08/2026 02:19
4de3c5d1-57cf-4c5b-a70a-4bcc111055af,monocacy.zone,available,,,high,high,8,,,,
6eafee5b-8332-40af-8899-1928861e67c0,fugo.zone,available,12.99,38.99,high,low,4,namesilo,,,21/09/2026 23:09
a8d6ffe2-185c-49ba-bd2b-54f78756fc43,apeldoorn.zone,available,12.99,38.99,high,low,9,namesilo,,,19/09/2026 16:24
5f89ed87-f892-4f1c-9b63-fdb9db169009,statesboro.zone,available,,,high,high,10,,,,
19803266-3bd7-49ef-8028-1775aab11c19,caskets.zone,available,,,high,low,7,,,,
c7987ec0-918e-451a-91e4-4976640fac51,reused.zone,available,,,high,medium,6,,,,
5b015425-0e9f-4872-b4c2-4d8ba5abd4ae,repave.zone,available,,,high,high,6,,,,
b184c906-84ae-4858-9778-e49f2f44e6fa,xerxes.zone,available,12.99,38.99,medium,low,6,namesilo,,,01/10/2026 16:35
ecfa8521-5f65-42b1-b5ff-24bf2217c117,barbequed.zone,available,,,high,high,9,,,,
4b9fa6a8-ca6b-4f7e-ae00-e9906d02e68b,alchemic.zone,available,8.98,51.98,high,low,8,namecheap,,,
3e00782c-df6d-4de2-9ea8-7e617ec5cad9,reentrant.zone,available,8.98,51.98,high,low,10,namecheap,,,09/09/2026 10:51
7ee88419-eb1a-4334-b6f9-21c0b9a307f9,presume.zone,available,7.96,31.25,medium,low,7,spaceship,,,29/09/2026 00:37
726036b4-1cf2-42e0-8dfa-5d47cfd1f732,porpoise.zone,available,12,,high,high,8,unstoppable,,,02/10/2026 02:19
d48f10f5-3c8a-4710-ad18-23d0fe68adfd,unopen.zone,available,8.98,51.98,medium,low,6,namecheap,,,10/09/2026 07:06
9dfdeaac-7158-420e-8a29-cc587be97484,concan.zone,available,,,high,high,6,,,,
48aaf5f6-eeb4-4497-8a57-7e5634388b5d,steering.zone,available,12.99,38.99,medium,low,8,namesilo,,,28/09/2026 15:24
9dd6ff33-f761-439a-bfdc-401231803022,individualize.zone,available,,,high,high,13,,,,
b096b72f-5a8c-40ae-8f97-b8818856554b,darfur.zone,available,7.96,31.25,high,low,6,spaceship,,,30/09/2026 01:45
7c6e6611-e5cb-4ace-b3a6-a4f55f88cf19,cavan.zone,available,12,,high,low,5,unstoppable,,,30/09/2026 12:17
feb493af-9dcf-4c70-8e87-5c18118f2485,horseshoes.zone,available,,,high,high,10,,,,
7c4edbd8-4d81-4df1-a9d7-ab1daa636a16,nooky.zone,available,8.98,51.98,medium,low,5,namecheap,,,18/08/2026 17:29
3e402af6-8aad-4438-9c13-f4e41c328d4b,hemidemisemiquaver.zone,available,,,high,high,18,,,,
d550e4c3-e87e-4b8b-b2b6-513099f6b4fd,dabbled.zone,available,14.99,50.99,high,low,7,name.com,,,13/08/2026 15:12
948a1b8b-e62d-4310-b405-e8b05d993366,implicate.zone,available,12.99,38.99,high,medium,9,namesilo,,,28/09/2026 02:21
397be293-6648-49a6-887a-fac7f1401eb8,igpu.zone,available,,,high,high,4,,,,
ccbe2bf4-e1cb-49f8-a30f-4f7bbe88918f,tastes.zone,available,12.99,38.99,medium,low,6,namesilo,,,19/09/2026 00:38
927508b6-9603-441e-bba7-6ee471bd91ec,hankering.zone,available,,,high,high,9,,,,
ad367060-68c2-4a12-8ef0-3267c111fdde,drawstring.zone,available,,,high,high,10,,,,
16aca642-b274-48e9-a681-d245b1472a33,daunting.zone,available,14.99,50.99,high,low,8,name.com,,,13/08/2026 18:48
eafdf462-5fdc-46cb-9798-740190c7c67e,dried.zone,available,8.98,51.98,high,low,5,namecheap,,,14/08/2026 18:59
862c8db0-40f0-4ef1-902b-8fef3800099b,merengue.zone,available,12,,high,high,8,unstoppable,,,02/10/2026 02:16
ed3766d2-3547-4cb5-952f-ffa4d0f37023,liturgic.zone,available,,,high,high,8,,,,
9f10fb66-49ef-42a5-a245-7cb862bb7c58,washes.zone,available,8.98,51.98,medium,low,6,namecheap,,,20/09/2026 04:54
fa836195-5be1-43ec-8003-be87bdee1ac4,contradiction.zone,available,7.96,31.25,high,low,13,spaceship,,,29/09/2026 15:55
a7f745a3-ed6b-43e5-b0b5-51314b616a41,doubles.zone,available,12,38.99,high,low,7,unstoppable,,,28/09/2026 18:58
31fd0d21-e763-48e3-9012-0d4dceeb069d,filialness.zone,available,,,high,low,10,,,,
4aea96c3-cd32-4734-a0b4-28e0c98637a1,snugly.zone,available,8.98,51.98,high,low,6,namecheap,,,16/09/2026 03:31
7ad54cd3-e97d-4ae6-8280-e56a98bebec0,lofty.zone,available,8.98,51.98,high,low,5,namecheap,,,17/08/2026 15:42
9febc1cf-cde2-4987-b60f-579e9580bf10,resulting.zone,available,30.2,30.2,high,low,9,cloudflare,,,29/09/2026 10:42
0e5865c4-847e-4d6b-8c0e-a511f3b453de,colas.zone,available,,,high,medium,5,,,,
70e59c35-56a9-44ff-ad96-a5273bade6df,overgrow.zone,available,12.99,38.99,high,high,8,namesilo,,,27/09/2026 05:49
e82f6dbf-d9a4-4509-b528-d9bab86eb807,sweetwine.zone,available,,,high,medium,9,,,,
c8e4c4ad-9e67-4200-b2c7-545a34478529,unstrung.zone,available,8.98,51.98,medium,low,8,namecheap,,,12/09/2026 20:39
7485a720-ea6e-4668-964d-d6ac3f351609,nee.zone,available,,,high,low,3,,,,
cf6814be-039d-4a0a-8186-7d963f1719e9,commonty.zone,available,,,high,low,8,,,,
34533b8f-0d38-4311-9a25-e270d7d81531,siouxan.zone,available,,,high,high,7,,,,
b8b593b4-2887-4a2a-a1ad-16c6e9e5134c,aubrielle.zone,available,,,high,high,9,,,,
9ee6841e-6db8-4bc3-86dd-eafcc97ff249,finder.zone,resell,,,high,low,6,,,,30/09/2026 01:38
9175f6de-40a8-4dda-92e2-93313e102d4b,whca.zone,available,,,high,high,4,,,,
938db6a6-e19c-4e65-814c-b6452ee7d974,firm.zone,resell,,,high,low,4,"Sav.com, LLC - 23",27/09/2025 15:15,27/09/2027 15:15,30/09/2026 07:49
d3d11531-51fe-46da-ac83-a9c2981e8899,audrienne.zone,available,,,high,high,9,,,,
ffe34831-0c3c-4de6-a379-11ba57e82bbc,hazelnut.zone,available,12.99,38.99,high,high,8,namesilo,,,01/10/2026 02:20
8a7d41fd-6b42-49a5-a8af-6b8e42081249,hemisphere.zone,available,12,38.99,high,low,10,unstoppable,,,29/09/2026 06:17
c4479114-1b74-4aa1-91b9-f2ff5fb12f75,forumite.zone,available,,,high,high,8,,,,
c697fa84-4385-4425-9c49-f237c5d147c9,irrelevant.zone,available,12.99,38.99,high,low,10,namesilo,,,25/09/2026 11:28
f843c848-9b24-434e-90b0-ac9c36b1c42b,constants.zone,available,8.98,51.98,high,low,9,namecheap,,,21/09/2026 01:13
901f9bde-a1df-467c-954c-f669fe78d0b0,interests.zone,available,12.99,38.99,high,low,9,namesilo,,,25/09/2026 16:44
1a2e8242-3757-4a94-8c17-c016c18e0fb8,liltingness.zone,available,,,medium,low,11,,,,
af37f55a-62b0-45e3-b54e-5256bcc6ca5f,oft.zone,available,8.98,51.98,high,low,3,namecheap,,,14/09/2026 20:06
2dddcb5c-118d-4971-96d3-3a7426a54f72,postmortal.zone,available,8.98,51.98,medium,low,10,namecheap,,,09/09/2026 00:33
e59b6e4b-d764-48fb-81d2-f3eebbec01d3,aggressively.zone,available,7.96,31.25,high,low,12,spaceship,,,30/09/2026 11:34
69366107-28c8-4e47-9c72-715deea9b10e,tights.zone,available,12.99,38.99,high,high,6,namesilo,,,02/10/2026 02:28
0c750162-ee2d-4a54-ab18-e00954750907,expatriates.zone,available,,,high,low,11,,,,
ddcea431-a527-482d-b91f-180629ead8ac,fouka.zone,available,,,high,high,5,,,,
2ae872d8-c18c-44b2-a8bf-b23bb3d77951,finely.zone,available,8.98,51.98,high,low,6,namecheap,,,14/09/2026 11:23
2fd3c81b-2527-4741-b3c1-bdb88632a102,striver.zone,available,,,high,high,7,,,,
48605515-22e8-4efa-838f-fb84008addae,kilkenny.zone,available,12.99,38.99,medium,low,8,namesilo,,,29/09/2026 03:59
e8383401-e3dc-49e2-b483-bc8294bb396f,subalpine.zone,available,8.98,51.98,high,low,9,namecheap,,,
66156c9e-d3ac-499f-b864-f4efc74f2ec6,flightless.zone,available,8.98,51.98,high,low,10,namecheap,,,18/08/2026 08:09
231030f3-2e93-403e-8ddd-8131be09e40a,badgering.zone,available,8.98,51.98,high,low,9,namecheap,,,13/09/2026 13:19
df02058a-46a3-4f02-9230-79063e090c9a,hydroxy.zone,available,8.98,51.98,high,low,7,namecheap,,,21/08/2026 16:25
ef8aa95d-a591-484d-bc86-9ebfbd2542af,lavishly.zone,available,8.98,51.98,high,low,8,namecheap,,,15/09/2026 11:03
2f8048dd-a464-4ccc-a5d0-403ee0ea8712,scallops.zone,available,12.99,38.99,medium,low,8,namesilo,,,19/09/2026 23:48
b8f22862-eb75-4d15-b274-29b85b2475a8,characterise.zone,available,,,high,high,12,,,,
8eaebef0-26c2-4c24-9cb8-d64802063fcf,watermelons.zone,available,,,high,medium,11,,,,
f4d33be9-bcc4-4d2a-b4ab-4f16515a1817,seduction.zone,available,7.96,31.25,high,low,9,spaceship,,,30/09/2026 11:00
70ebf9f4-e654-4945-8253-f9d64816a035,machi.zone,available,12.99,38.99,high,high,5,namesilo,,,27/09/2026 05:33
f4b5c994-dbc8-4a45-aea5-e5c386599b7d,unlikely.zone,available,8.98,51.98,high,low,8,namecheap,,,21/08/2026 23:08
acfb68d8-3180-4484-945d-5f4e4d6bd01f,commits.zone,available,12.99,38.99,medium,low,7,namesilo,,,30/09/2026 16:09
97dc279e-1134-41ba-ae44-36b443df9045,inoffensively.zone,available,,,high,high,13,,,,
db63069e-9ccc-4c87-bbeb-627ca5e94f42,curette.zone,available,,,high,medium,7,,,,
5b80357d-037c-4a61-89ab-d8aa92f5dc85,computerize.zone,available,,,high,high,11,,,,
5ac1cc80-1c1a-4b50-8ba4-e33e884d38ef,humped.zone,available,8.98,51.98,medium,low,6,namecheap,,,13/08/2026 07:40
756cffd1-244e-498c-8458-4489c01f3747,quest.zone,resell,,,high,medium,5,"DNSPod, Inc.",24/11/2019 12:08,24/11/2026 12:08,30/09/2026 08:55
e0041e96-d84e-4380-8cf6-77d8b90d471d,callas.zone,available,12.99,38.99,high,high,6,namesilo,,,30/09/2026 02:21
84a40934-a2f5-4214-a682-9514b311a36a,steeple.zone,available,,,high,high,7,,,,
d734de4c-c294-4f81-8ad0-0833fa281683,laziness.zone,available,12.99,38.99,medium,low,8,namesilo,,,28/09/2026 17:35
8cd85369-6512-4514-acac-9a68f8f5286c,automatically.zone,available,30.2,30.2,high,low,13,cloudflare,,,28/09/2026 07:07
a9ba8f90-6e23-4f55-8d80-b44c64c42962,leprous.zone,available,8.98,51.98,medium,low,7,namecheap,,,23/08/2026 00:12
3fd90190-3549-46be-bafa-9775a8bef1bc,letitia.zone,available,12.99,38.99,high,low,7,namesilo,,,02/10/2026 00:22
e3f13db4-176e-4dce-9588-94855de2252b,extracting.zone,available,,,medium,low,10,,,,
cd4169c0-dc5f-453d-a175-5837a1299615,richness.zone,available,12.99,38.99,high,low,8,namesilo,,,17/09/2026 14:41
fa6642ef-6613-4257-9bfe-b582297e3995,heartbeats.zone,available,,,high,medium,10,,,,
42e85383-d262-4c9e-a9b5-0fbcd58514be,pesticide.zone,available,8.24,31.41,high,low,9,porkbun,,,01/10/2026 21:15
7a44418d-cf21-49c5-bc4a-6ec285a06ac6,deprave.zone,available,8.98,51.98,high,low,7,namecheap,,,13/08/2026 02:24
b0eb5c47-e91c-4779-b2c7-f988f954e8cd,supercommon.zone,available,,,high,medium,11,,,,
968b140a-0fd9-4846-8cf4-258ed1538520,strum.zone,available,8.98,51.98,high,high,5,namecheap,,,02/10/2026 02:27
a5c14f42-6b93-4967-a3f8-c9a631e8592a,afternoons.zone,available,30.2,30.2,high,low,10,cloudflare,,,29/09/2026 10:29
1cd432b4-d334-43df-8f79-88f70d11f381,maturation.zone,available,8.98,51.98,high,low,10,namecheap,,,20/08/2026 20:27
5e62e265-62bb-4e97-9132-da5e16e83eeb,kabob.zone,available,,,high,high,5,,,,
b58c66ee-068b-4025-aca5-1e5118443e2b,thracian.zone,available,8.98,51.98,high,low,8,namecheap,,,11/09/2026 14:10
ea20d534-453a-4f33-a4d6-4d03e190d54c,pocketknives.zone,available,,,medium,low,12,,,,
266a02ec-00ab-41cc-8d68-ce9dadb2d49b,bearskin.zone,available,8.98,51.98,high,low,8,namecheap,,,22/09/2026 21:25
f9ea5a0b-e837-4096-8d1e-c09b7add4a52,zacharias.zone,available,,,high,high,9,,,,
9863329c-2ba8-44d2-90a0-c39f4fd16b68,headlock.zone,available,,,high,high,8,,,,
fa74bf59-7587-4009-b09f-88719c0e737a,toasts.zone,available,,,high,low,6,,,,
042bcb50-4bb2-4452-a1cf-b840b2814cdb,motorised.zone,available,8.98,51.98,high,low,9,namecheap,,,25/08/2026 08:28
09fd46cd-b5fc-4bd6-a137-9b326f5cf010,antennaria.zone,available,12.99,38.99,high,low,10,namesilo,,,19/09/2026 12:52
db966bca-f1ec-4800-8fd7-71f7e57e609a,pocketbook.zone,available,12.99,38.99,high,low,10,namesilo,,,23/09/2026 16:19
dd03ca23-7b16-495d-9db7-969081bbbae2,alignment.zone,available,12.99,38.99,high,low,9,namesilo,,,18/09/2026 07:47
56fc9f77-632e-4755-af96-19173f507e92,rapturous.zone,available,8.98,51.98,high,low,9,namecheap,,,14/08/2026 23:48
9ef43ba3-410e-4cb2-9421-474ba0d946af,workload.zone,available,7.96,31.25,high,low,8,spaceship,,,30/09/2026 03:10
76846d15-f158-4ec5-81e8-b2d469396782,coppinger.zone,available,,,high,high,9,,,,
ac0f9ade-0147-4353-9636-60c17057b70e,modestly.zone,available,8.98,51.98,high,low,8,namecheap,,,15/09/2026 15:13
5246bc74-240f-46d3-8169-dc781b6175f7,placeboes.zone,available,,,medium,low,9,,,,
cc460277-4ee7-4aeb-aad1-28a530197dd2,subic.zone,available,12,,high,low,5,unstoppable,,,02/10/2026 01:16
108954b9-1a8a-4516-aa2d-e3965e9f1a95,counteradvertising.zone,available,,,high,high,18,,,,
334d710e-2d21-4a5c-9d5a-d66155d814c5,raceday.zone,available,7.96,31.25,high,high,7,spaceship,,,29/09/2026 02:21
75d87ece-0e1c-4bed-914a-22beffe9d7dd,greatening.zone,available,,,medium,low,10,,,,
8eacd971-5657-4b1a-b8ad-208b2a2f0b78,detector.zone,available,12.99,38.99,high,low,8,namesilo,,,24/09/2026 21:49
9cdf378d-4f03-4ff3-806e-14d0bdcf2ce0,subtopic.zone,available,,,high,high,8,,,,
5241f971-537a-4332-95b0-0fad30d4c6d8,meaningless.zone,available,12.99,38.99,medium,low,11,namesilo,,,28/09/2026 15:49
4e9f5e9d-9ef7-47e0-96cc-b66493329a51,wetheringsett.zone,available,,,high,high,13,,,,
d572fe57-1124-4d30-9c9c-ff84509aefc4,northumbria.zone,available,8.98,51.98,high,low,11,namecheap,,,01/10/2026 23:59
7cc13ed0-1c8e-4f6b-9054-383b8b3177d0,blessings.zone,available,8.24,32.21,medium,low,9,dynadot,,,28/09/2026 17:50
cf1cbe0b-5d5e-45b0-acbf-ce173633d966,innocency.zone,available,,,high,high,9,,,,
3e606cfc-8c96-4702-b0e9-b4e47918e334,sesquiterpene.zone,available,,,high,high,13,,,,
7c605a16-5c80-4f79-9202-daa8440a4b6d,elysian.zone,available,8.98,51.98,high,low,7,namecheap,,,16/08/2026 06:18
e12a4039-689a-47ce-8848-a82d9a1f002c,pentecostalist.zone,available,,,high,high,14,,,,
e5165db6-b00f-49c2-8920-f39b63d7ac95,inning.zone,available,30.2,30.2,high,low,6,cloudflare,,,30/09/2026 17:41
e9f39aad-ff6c-430c-889e-08958e79f558,indigane.zone,available,,,high,medium,8,,,,
8d776f6e-acc5-4b01-9baf-10aa47f97bbd,backband.zone,available,8.98,51.98,high,low,8,namecheap,,,21/09/2026 14:57
78f7a3c5-93b9-4ba6-89d0-cdd2336798e0,sorting.zone,available,30.2,30.2,high,low,7,cloudflare,,,30/09/2026 02:57
dd08536b-4f7d-4f1b-bb82-3570282b8011,gianna.zone,available,,,high,high,6,,,,
0fb201b2-b0cf-4190-bb04-b8f5b8953834,herewith.zone,available,8.98,51.98,high,low,8,namecheap,,,15/09/2026 00:28
6e1466f4-b6d6-4dda-9f72-306aa9a2e998,lewiston.zone,available,7.96,31.25,medium,low,8,spaceship,,,28/09/2026 14:42
cde48537-6851-4bda-a23b-22d0da072561,appanage.zone,available,12.99,38.99,high,low,8,namesilo,,,19/09/2026 16:11
5feaef2b-3344-4a32-9797-2fb8db28c245,geodesic.zone,available,8.98,51.98,high,low,8,namecheap,,,18/08/2026 22:23
bd64f8f2-7bec-43b0-a121-83f658a91dda,unhatched.zone,available,8.98,51.98,medium,low,9,namecheap,,,12/09/2026 12:05
643d837f-5130-46e8-a53c-ac424a630afa,formed.zone,available,8.98,51.98,high,low,6,namecheap,,,18/08/2026 12:09
3d791ece-b64e-4947-bb62-d4ce2a963f82,reid.zone,available,12.99,38.99,high,low,4,namesilo,,,25/09/2026 10:17
e68c0aa6-4931-4fe4-be66-46affb3bf5d0,ubiquitously.zone,available,,,high,high,12,,,,
35e68a55-1cbc-46d6-a164-b091000ce244,outshined.zone,available,,,medium,low,9,,,,
d9631e9e-37f6-47e8-a2c3-39a7a8404294,martyrdom.zone,available,,,high,high,9,,,,
7308ebd1-5802-42f0-a2c3-1387526c9e62,wonderchild.zone,available,,,high,high,11,,,,
38013cf8-70bf-49bd-8e8a-361691cbc3ee,anthropoid.zone,available,8.98,51.98,high,low,10,namecheap,,,
53fbb970-a36f-4b29-9e34-05d8d9124a39,standardise.zone,available,,,high,high,11,,,,
3d99ce7f-9feb-41e0-80e2-f1adba76ab7b,monotony.zone,available,8.98,51.98,high,low,8,namecheap,,,21/08/2026 15:10
064041de-5492-4442-9385-ca8d27887c23,agnostical.zone,available,8.98,51.98,high,low,10,namecheap,,,
256ffa40-3132-4567-b29a-1c334114cf87,writings.zone,available,12.99,38.99,high,low,8,namesilo,,,30/09/2026 01:48
ab2f0b32-09f1-44df-8b31-923d3a8a22d6,bucketful.zone,available,,,high,high,9,,,,
17fd0d85-9bd1-4cb9-a80b-1b6707f3836d,gusty.zone,available,8.98,51.98,high,low,5,namecheap,,,20/08/2026 21:10
c70dd4c8-362d-41ca-9422-199d751de464,reword.zone,available,,,high,high,6,,,,
886729d1-2944-4efd-954b-42a3d71394c4,rag.zone,premium,128.7,128.7,high,low,3,namecheap,,,24/09/2026 12:22
19e18bd0-3741-4872-81ca-7d0448ab445a,resurrecting.zone,available,,,high,low,12,,,,
1b125592-20df-432c-b582-779db8077e9a,thursday.zone,available,7.96,31.25,high,low,8,spaceship,,,30/09/2026 13:11
e30a7eb4-12d2-4ad7-bcba-585f208f2b94,benihana.zone,available,,,high,high,8,,,,
506ff901-be13-4f3b-88e9-1c4ed76c4c92,sextant.zone,available,,,high,high,7,,,,
156c6655-6e51-4042-8cf5-0d56489aabc3,defog.zone,available,,,high,high,5,,,,
ba8f10d6-5c36-4996-afbc-c570d9a462b7,obviates.zone,available,,,medium,low,8,,,,
e5a8fd1a-5dda-47db-87fd-8bed09d8e35b,gears.zone,available,8.98,51.98,high,low,5,namecheap,,,25/09/2026 10:27
83a0ac96-b2b2-41e4-a708-0e3c0a7cbaa2,berceuse.zone,available,12.99,38.99,high,low,8,namesilo,,,23/09/2026 09:10
bf3897d3-151d-408b-909c-c826198191e7,flamboyance.zone,available,,,high,low,11,,,,
0a5ba89d-2a0b-4fa3-863a-4d0346a434f9,denture.zone,available,,,high,high,7,,,,
bf0bc7a8-d0b8-4f39-bf0d-c2980acdd085,evenly.zone,available,8.98,51.98,high,low,6,namecheap,,,14/09/2026 16:30
8a7ac0fd-397b-4993-baf7-254187b7a0f9,stripboard.zone,available,,,high,high,10,,,,
81314331-5630-4357-bd0d-f6ceb85a91a2,shirtlessness.zone,available,,,medium,low,13,,,,
702c61dd-880d-4d53-99ae-924d5234b76b,auctioneer.zone,available,12.99,38.99,high,low,10,namesilo,,,21/09/2026 02:42
a9d4db97-3f46-4f55-96ec-a1ee613febbb,seamen.zone,available,12.99,38.99,high,low,6,namesilo,,,02/10/2026 01:38
7f022303-d217-4925-b463-26371b92a521,encouraging.zone,available,30.2,30.2,high,low,11,cloudflare,,,01/10/2026 06:18
dc7fd9ea-9266-4f1b-ad3c-267205cfdfc2,palawan.zone,available,12.99,38.99,high,high,7,namesilo,,,27/09/2026 05:47
f9f02968-04a7-40d8-862f-a00d4dfb2a04,vitiate.zone,available,8.98,51.98,medium,low,7,namecheap,,,13/08/2026 02:22
b35684b9-1011-4ba1-9b5b-be91104da6f5,uganda.zone,available,,,high,high,6,,,,
f8e8fb96-dc6e-42cf-bd63-68701f75e5ab,investigations.zone,available,,,high,medium,14,,,,
2cde8bab-7a47-497b-b448-916b8f4d8da0,prioritized.zone,available,,,high,high,11,,,,
47f44c07-ac19-4bc2-a009-d01591ddc43f,waxwork.zone,available,8.98,51.98,high,low,7,namecheap,,,18/09/2026 19:16
c3fd9031-c38f-44b1-9543-faf4bd605bf1,trna.zone,available,14.99,50.99,high,low,4,name.com,,,16/09/2026 22:03
6685f733-0fd1-4918-9b06-ff159abe3c4b,multimillionaire.zone,available,,,high,high,16,,,,
168b8e45-0027-4e99-891e-8abf8dcda61a,nih.zone,available,12.99,38.99,high,low,3,namesilo,,,28/09/2026 02:28
eade068d-6919-4ee0-a9a5-99a9194c8c06,bottled.zone,available,7.96,31.25,medium,low,7,spaceship,,,29/09/2026 03:12
7c9f0c73-a321-4405-b4c2-0a3438142d2e,extralarge.zone,available,,,high,low,11,,,,
534eaa18-5d90-4872-8a6e-4beebc85e591,endogenous.zone,available,8.98,51.98,high,low,10,namecheap,,,17/08/2026 01:15
b389a8fa-2a4f-4b77-9dd1-b79fadaf64a3,unnumbered.zone,available,8.98,51.98,high,low,10,namecheap,,,13/08/2026 03:46
f35827dd-a7a7-4304-9761-a488e66ae7a6,allow.zone,available,8.98,51.98,high,low,5,namecheap,,,06/08/2026 09:03
c19a6f3d-1cc2-474c-b2e6-490eb0387226,liverwurst.zone,available,,,high,high,10,,,,
c7609bf9-471c-4dac-9545-1c06d70be0dc,phonological.zone,available,,,high,high,12,,,,
a767fa52-232a-4d3e-8dea-c2122c7d3aeb,abomasum.zone,available,12.99,38.99,high,low,8,namesilo,,,16/09/2026 16:29
f70772b9-7c01-4ea3-9da0-efd554af3c42,upright.zone,available,8.98,51.98,high,low,7,namecheap,,,17/08/2026 12:05
4f74e13c-a983-4ef2-9372-3672ff69f54d,decentralize.zone,available,,,high,high,12,,,,
4c67d4d7-be7e-4ded-a1b7-0ce63bfd1911,wheatfield.zone,available,,,high,high,10,,,,
b013229f-fb1d-4f37-b5a1-a0b294b2a278,rebooting.zone,available,,,high,high,9,,,,
f2e7010f-7059-46d7-b195-9092fcae2a9c,valour.zone,available,12.99,38.99,high,high,6,namesilo,,,27/09/2026 05:56
7e650cc7-8c56-4dd7-8b71-d3a3ec17ac7c,exfoliant.zone,available,,,high,high,9,,,,
559b6b36-a868-47a6-bf37-72435d3ee140,craftsmen.zone,available,12.99,38.99,high,high,9,namesilo,,,25/09/2026 09:09
f350ebee-2c5e-44e8-bf5e-bc7ec67fcd3e,alt.zone,resell,,,high,medium,3,Dynadot Inc,26/07/2018 18:16,26/07/2027 18:16,26/09/2026 03:49
d6081115-b2c8-4c90-a671-d24ee51e0908,cuisines.zone,available,,,high,medium,8,,,,
66ddc0cc-e488-48c1-af99-74b3282a0748,bezzant.zone,available,12.99,38.99,medium,low,7,namesilo,,,23/09/2026 12:17
8ae6bf2c-b58f-400c-ba50-0bbed2a793e3,expository.zone,available,8.98,51.98,high,low,10,namecheap,,,17/08/2026 18:39
979e5768-5866-46b9-b80c-d3658920ba31,sailmaking.zone,available,,,high,low,10,,,,